"","cluster","gene","Mass_estimate","Mass_summary_p.value","Mass_summary_q.value"
"1",30,"rxfp3.3a2",0.145918420052901,NA,NA
"2",30,"LOC111580711",0.146405574379996,NA,NA
"3",30,"LOC111564410",0.322506226589459,NA,NA
"4",30,"glceb",2.2079652829271,NA,NA
"5",30,"sema6dl",-1.19766008012658,NA,NA
"6",30,"scg3",-0.312272352795273,NA,NA
"7",30,"baz2ba",-0.215695521066888,NA,NA
"8",30,"LOC111562565",-1.72849866466417,NA,NA
"9",30,"nae1",-0.225095552352307,NA,NA
"10",30,"ist1",-0.385134416023051,NA,NA
"11",30,"igdcc3",0.196656591713581,NA,NA
"12",30,"sox6",-1.3800165015455,NA,NA
"13",30,"tub",-1.03767907620725,NA,NA
"14",30,"trim66",0.159236726063417,NA,NA
"15",30,"mindy2",0.271131544001984,NA,NA
"16",30,"tcf25",0.555434376355642,NA,NA
"17",30,"spon1a",-1.3177453311954,NA,NA
"18",30,"hipk3b",0.564638872117844,NA,NA
"19",30,"LOC111576189",-1.25346503757598,NA,NA
"20",30,"tacr2",0.725174619513271,NA,NA
"21",30,"tspan15",0.740782752373503,NA,NA
"22",30,"cdc42se2",0.116762920449338,NA,NA
"23",30,"LOC111587591",-1.80755729340956,NA,NA
"24",30,"LOC111587585",0.816631940368808,NA,NA
"25",30,"LOC111587575",-1.78869201906181,NA,NA
"26",30,"LOC111567616",1.38404260845828,NA,NA
"27",30,"celf6",2.87443755728429,NA,NA
"28",30,"lpcat2",-1.26646029322925,NA,NA
"29",30,"larp6a",0.0662595220572383,NA,NA
"30",30,"znf536",0.603929155826282,NA,NA
"31",30,"mtss1lb",1.85501564400702,NA,NA
"32",30,"cdh8",1.28131714315422,NA,NA
"33",30,"itfg1",0.409212430073818,NA,NA
"34",30,"LOC129349608",0.0964419865452487,NA,NA
"35",30,"ccdc102a",1.05287583614611,NA,NA
"36",30,"ano1a",-0.057426482625186,NA,NA
"37",30,"lrrk1",0.099073942816733,NA,NA
"38",30,"minar1",0.0846406584428419,NA,NA
"39",30,"shank2b",-0.318902222854031,NA,NA
"40",30,"large2",-0.878839573965044,NA,NA
"41",30,"LOC111584428",1.01359347642244,NA,NA
"42",30,"csnk2a2a",0.31215979898509,NA,NA
"43",30,"nav2a",1.81874925881937,NA,NA
"44",30,"luzp2",1.73921097675276,NA,NA
"45",30,"madd",1.01166740399603,NA,NA
"46",30,"kifc3",1.23200693898434,NA,NA
"47",30,"agbl4",-1.25562134637059,NA,NA
"48",30,"LOC111566277",-0.618595968464774,NA,NA
"49",30,"faf1",0.57382600121453,NA,NA
"50",30,"slc1a6",0.40597122747182,NA,NA
"51",30,"atf6",0.357420715923578,NA,NA
"52",30,"LOC111569286",-0.996031071355808,NA,NA
"53",30,"mydgf",0.409134785558225,NA,NA
"54",30,"xpr1a",-0.329925768885044,NA,NA
"55",30,"acbd6",1.13143410325738,NA,NA
"56",30,"LOC111568755",1.72531168073196,NA,NA
"57",30,"calr",0.261513539918505,NA,NA
"58",30,"negr1",-0.160794146653659,NA,NA
"59",30,"nfia",0.250656111161475,NA,NA
"60",30,"tmem259",0.362182738004223,NA,NA
"61",30,"med16",-2.34778394714384,NA,NA
"62",30,"stx6",-0.00774960374072858,NA,NA
"63",30,"ftsj3",0.0846140331221633,NA,NA
"64",30,"ttll7",0.630145821515096,NA,NA
"65",30,"LOC111565983",-0.333417664840596,NA,NA
"66",30,"pik3r3b",0.605283220134032,NA,NA
"67",30,"rtca",0.364790180094091,NA,NA
"68",30,"b4galt6",0.730520499306084,NA,NA
"69",30,"nfic",2.14765467120463,NA,NA
"70",30,"adcyap1r1b",1.38801629250468,NA,NA
"71",30,"LOC111573383",0.344989525440688,NA,NA
"72",30,"cfh",0.0796588979956627,NA,NA
"73",30,"fnbp1l",-0.816489487086703,NA,NA
"74",30,"znhit6",0.380076857349361,NA,NA
"75",30,"lrp8",-1.54510542211344,NA,NA
"76",30,"sgip1a",1.27365405005468,NA,NA
"77",30,"ano8b",-0.404334770211492,NA,NA
"78",30,"rabgap1l",1.029863623982,NA,NA
"79",30,"LOC111573882",0.234757208140526,NA,NA
"80",30,"LOC111582776",-0.31188511340314,NA,NA
"81",30,"abca7",0.287249498625581,NA,NA
"82",30,"tmem38a",0.185220921982175,NA,NA
"83",30,"kdm4b",-1.25860204264116,NA,NA
"84",30,"LOC111575594",0.380548220770297,NA,NA
"85",30,"LOC111575982",0.307195258057159,NA,NA
"86",30,"LOC111579955",-0.356430883152803,NA,NA
"87",30,"nlgn1",2.12476483625862,NA,NA
"88",30,"mcf2l2",1.08557845114503,NA,NA
"89",30,"LOC111588740",2.6824924527037,NA,NA
"90",30,"rab6ba",-2.03827314068983,NA,NA
"91",30,"atp1b1a",-0.380146275641309,NA,NA
"92",30,"herc2",1.7753856739083,NA,NA
"93",30,"fbxl5",0.130139698842304,NA,NA
"94",30,"LOC111569618",-0.963822094243876,NA,NA
"95",30,"ralgps2",1.62470861433946,NA,NA
"96",30,"sema6bb",0.686090759073778,NA,NA
"97",30,"hnrnpm",-1.77650638524257,NA,NA
"98",30,"tspan9a",-1.5809672132764,NA,NA
"99",30,"hipk2",-0.0537532471999509,NA,NA
"100",30,"mapk8ip2",0.426762810340495,NA,NA
"101",30,"furinb",0.0792804268713797,NA,NA
"102",30,"lrrc4ca",-0.511110679306845,NA,NA
"103",30,"slc1a2b",-1.63296544277804,NA,NA
"104",30,"ldha",-0.370237628794656,NA,NA
"105",30,"brsk2a",-0.909065866216163,NA,NA
"106",30,"abtb2b",-0.391682815865097,NA,NA
"107",30,"th",1.48726736936563,NA,NA
"108",30,"rbm28",-0.212427849264069,NA,NA
"109",30,"grm3",0.365851521878543,NA,NA
"110",30,"elapor2a",-0.313825905745593,NA,NA
"111",30,"iqsec3b",0.530877279722112,NA,NA
"112",30,"cd9a",0.189138703954009,NA,NA
"113",30,"mef2aa",0.381151003950253,NA,NA
"114",30,"chd2",-1.36897834236821,NA,NA
"115",30,"sema4ba",0.426635843162911,NA,NA
"116",30,"idh2",-1.57031216081599,NA,NA
"117",30,"rasgrf1",0.260616610097284,NA,NA
"118",30,"tln2b",1.481097229835,NA,NA
"119",30,"commd4",0.17231558594009,NA,NA
"120",30,"dennd4a",-0.550740794918787,NA,NA
"121",30,"eps8l2",0.138238401421504,NA,NA
"122",30,"syt7a",1.14118474966011,NA,NA
"123",30,"LOC111570204",0.0602101088813833,NA,NA
"124",30,"LOC111577716",0.635938598182491,NA,NA
"125",30,"tjp1b",-0.186960325236123,NA,NA
"126",30,"LOC111577707",-1.06410395151613,NA,NA
"127",30,"LOC111573649",0.0778569101195041,NA,NA
"128",30,"LOC111573653",0.352131818612645,NA,NA
"129",30,"hsp90b1",-1.2814463380449,NA,NA
"130",30,"LOC111567068",-0.139229157222585,NA,NA
"131",30,"ptdss2",-0.455210864145016,NA,NA
"132",30,"shisal1b",-2.46770236686029,NA,NA
"133",30,"nell2a",0.41565687389218,NA,NA
"134",30,"LOC111578846",-1.28710052659901,NA,NA
"135",30,"hmg20a",0.0796588979956627,NA,NA
"136",30,"lingo1a",0.763644766382496,NA,NA
"137",30,"LOC111576346",-4.83621237011539,NA,NA
"138",30,"pdia3",-0.183769749140984,NA,NA
"139",30,"kif21a",0.460905295612936,NA,NA
"140",30,"LOC111572781",1.80091464775546,NA,NA
"141",30,"wasla",-1.5896382314048,NA,NA
"142",30,"grm8b",0.416321343244963,NA,NA
"143",30,"bcar1",1.39508588385689,NA,NA
"144",30,"ntrk3a",0.228535609372668,NA,NA
"145",30,"nup93",1.10046064432589,NA,NA
"146",30,"gnao1a",1.07654528744834,NA,NA
"147",30,"phaf1",-0.407186791868124,NA,NA
"148",30,"znf423",0.55878437018619,NA,NA
"149",30,"cpne2",0.105453115199747,NA,NA
"150",30,"ranbp10",-2.02222772199758,NA,NA
"151",30,"LOC129348610",-0.272693463113005,NA,NA
"152",30,"kcnj11l",0.227591340988882,NA,NA
"153",30,"mapk8ip1a",0.109912706341784,NA,NA
"154",30,"trhr2",0.59151745322436,NA,NA
"155",30,"vps9d1",0.0189605852043821,NA,NA
"156",30,"gabarapl2",0.478468840466195,NA,NA
"157",30,"kiaa1549la",1.57930245557501,NA,NA
"158",30,"tead1a",-2.37955920975695,NA,NA
"159",30,"lsm14aa",-0.312738392967824,NA,NA
"160",30,"lrba",1.16609987796431,NA,NA
"161",30,"hapstr1b",0.0824023781569411,NA,NA
"162",30,"kif16ba",0.245154572856072,NA,NA
"163",30,"LOC111568505",0.212313571420192,NA,NA
"164",30,"si:dkey-28b4.8",0.726819857698875,NA,NA
"165",30,"LOC111583665",0.259998437449067,NA,NA
"166",30,"LOC111568903",0.182178728906484,NA,NA
"167",30,"pycr1b",-1.19527609456854,NA,NA
"168",30,"gprc5bb",-0.98905033884761,NA,NA
"169",30,"LOC111574999",0.958086319374909,NA,NA
"170",30,"LOC111564222",1.41710153359967,NA,NA
"171",30,"znf207b",0.36949181557395,NA,NA
"172",30,"rab11fip4b",0.596026926114302,NA,NA
"173",30,"nfixa",0.968821470278785,NA,NA
"174",30,"LOC111570172",0.103761060175952,NA,NA
"175",30,"grin2bb",0.237569903765733,NA,NA
"176",30,"rbfox2",0.182719335994682,NA,NA
"177",30,"ptprdb",-0.642930858872316,NA,NA
"178",30,"smim18",-0.478768307345906,NA,NA
"179",30,"ank2a",-2.49493479719819,NA,NA
"180",30,"tbc1d1",0.262372007448471,NA,NA
"181",30,"ctnna2",2.37379713746604,NA,NA
"182",30,"LOC111575318",0.164720621065509,NA,NA
"183",30,"LOC111575458",-1.53343621443334,NA,NA
"184",30,"npnta",0.852074595492781,NA,NA
"185",30,"psip1a",0.14141072748827,NA,NA
"186",30,"coro2aa",0.0778569101195041,NA,NA
"187",30,"rnf150a",0.108021865052224,NA,NA
"188",30,"zbtb45",0.0841486499411376,NA,NA
"189",30,"lcor",1.69074447589376,NA,NA
"190",30,"LOC111583457",0.759681735482038,NA,NA
"191",30,"spcs3",0.361350682953536,NA,NA
"192",30,"cpe",-0.180112855984711,NA,NA
"193",30,"tmem131l",0.497884749340124,NA,NA
"194",30,"LOC111579505",0.370131051010507,NA,NA
"195",30,"LOC111586508",0.200313461499934,NA,NA
"196",30,"rps15a",-0.404334770211492,NA,NA
"197",30,"grk4",0.0737497561067994,NA,NA
"198",30,"htt",-1.22463335958897,NA,NA
"199",30,"LOC111577326",-0.228385500514633,NA,NA
"200",30,"maml3",0.262008515640281,NA,NA
"201",30,"LOC111569980",1.28019078276181,NA,NA
"202",30,"LOC111583468",-0.489338490258182,NA,NA
"203",30,"neurl1aa",0.453367186948244,NA,NA
"204",30,"LOC111566270",-0.890082444549796,NA,NA
"205",30,"ttyh3b",-2.43953263577172,NA,NA
"206",30,"LOC111587662",0.263290472624917,NA,NA
"207",30,"LOC111587657",0.0897672003870326,NA,NA
"208",30,"LOC111577598",0.556578801242154,NA,NA
"209",30,"LOC111588704",0.352418141606942,NA,NA
"210",30,"cntn2",-1.18926178813078,NA,NA
"211",30,"plekha6",-0.338377350513366,NA,NA
"212",30,"sec13",-0.28216494189652,NA,NA
"213",30,"pde12",0.172769280452843,NA,NA
"214",30,"rps23",-0.684680463983112,NA,NA
"215",30,"arhgef3",0.0938010942897,NA,NA
"216",30,"cadpsa",-0.561712330042223,NA,NA
"217",30,"raly",-0.983555824502832,NA,NA
"218",30,"LOC111582701",-0.235913849401691,NA,NA
"219",30,"LOC111569772",0.5671928867837,NA,NA
"220",30,"rps10",-0.262727256302839,NA,NA
"221",30,"LOC111565011",-0.642032634624996,NA,NA
"222",30,"igsf21a",-0.344621624742688,NA,NA
"223",30,"LOC111575996",0.498585427626297,NA,NA
"224",30,"LOC111582809",1.16117799346678,NA,NA
"225",30,"podxl2",-2.7018632370334,NA,NA
"226",30,"pmepa1",-0.189747070122427,NA,NA
"227",30,"ywhaba",-4.25437031000584,NA,NA
"228",30,"nucks1a",0.500886609552036,NA,NA
"229",30,"LOC111580325",1.46563748622649,NA,NA
"230",30,"pdrg1",0.0685486642604918,NA,NA
"231",30,"arl8bb",0.251277190639641,NA,NA
"232",30,"mbd1b",0.0685486642604918,NA,NA
"233",30,"LOC111572310",0.429128378385431,NA,NA
"234",30,"cdh4",-2.40318064781429,NA,NA
"235",30,"ndrg3a",0.0804461851059367,NA,NA
"236",30,"pcsk1",-2.0986807767412,NA,NA
"237",30,"celf4",-2.60851684893239,NA,NA
"238",30,"cita",0.265220610442643,NA,NA
"239",30,"LOC111583169",-3.53211906440487,NA,NA
"240",30,"LOC111577037",-0.510531796224884,NA,NA
"241",30,"tmem183a",0.225701488601315,NA,NA
"242",30,"lrrn2",-1.02115128995569,NA,NA
"243",30,"kdm5ba",0.360075290089884,NA,NA
"244",30,"gdf11",0.404622921863539,NA,NA
"245",30,"si:ch1073-456m8.1",-0.673900468555657,NA,NA
"246",30,"LOC111587369",-1.75183422190512,NA,NA
"247",30,"b4galnt1b",0.815249638263954,NA,NA
"248",30,"LOC111566612",-1.1413906275552,NA,NA
"249",30,"tex264a",-1.10421628776301,NA,NA
"250",30,"erc2",1.25065176144715,NA,NA
"251",30,"LOC111563210",0.814635963359068,NA,NA
"252",30,"patz1",0.232405829404373,NA,NA
"253",30,"cadpsb",-1.93025071541851,NA,NA
"254",30,"ca16b",0.318206301750155,NA,NA
"255",30,"rbm5",-2.17539941383654,NA,NA
"256",30,"manbal",0.156963827804804,NA,NA
"257",30,"LOC111577019",0.110131649447889,NA,NA
"258",30,"LOC111574166",-0.754274803654443,NA,NA
"259",30,"LOC111576659",0.237102386221648,NA,NA
"260",30,"shisa4",1.10334781158874,NA,NA
"261",30,"LOC111585083",1.23550682446335,NA,NA
"262",30,"slc32a1",-2.28316744250682,NA,NA
"263",30,"LOC111578046",0.105741407287434,NA,NA
"264",30,"dusp7",-0.226659286772786,NA,NA
"265",30,"atp2b2",0.688648832601756,NA,NA
"266",30,"atg7",-0.809833734742539,NA,NA
"267",30,"syn2b",0.564228228726034,NA,NA
"268",30,"LOC111564573",-0.386687968973371,NA,NA
"269",30,"slc45a1",0.23142937949623,NA,NA
"270",30,"foxj3",1.09699955196713,NA,NA
"271",30,"cacna2d2a",-1.48752273551608,NA,NA
"272",30,"slc12a5a",-3.18827093505805,NA,NA
"273",30,"tspan2a",0.595123952168468,NA,NA
"274",30,"nisch",-0.0293452044383891,NA,NA
"275",30,"dmtn",0.376782731360275,NA,NA
"276",30,"znf608",-2.52709445061225,NA,NA
"277",30,"LOC111586344",-0.965023481056547,NA,NA
"278",30,"LOC111565599",-0.874089361975417,NA,NA
"279",30,"ypel1",0.513547776866296,NA,NA
"280",30,"unc5db",-1.11875337943236,NA,NA
"281",30,"abca2",0.443360434243061,NA,NA
"282",30,"rpl35",-2.55310343363531,NA,NA
"283",30,"sub1b",0.344986888078477,NA,NA
"284",30,"zfr",-0.478956974355846,NA,NA
"285",30,"sdf2l1",0.155039911438923,NA,NA
"286",30,"mtmr3",0.509092704720597,NA,NA
"287",30,"cds2",-0.216900152257064,NA,NA
"288",30,"sema4c",0.717946400673079,NA,NA
"289",30,"arvcfb",-0.688659884234608,NA,NA
"290",30,"zdhhc8b",-1.2162002628532,NA,NA
"291",30,"LOC111574311",-1.61059087501236,NA,NA
"292",30,"rimbp2b",0.0310066570586653,NA,NA
"293",30,"zbtb34",-0.385264452221496,NA,NA
"294",30,"LOC111580367",-2.14905303234961,NA,NA
"295",30,"LOC111586713",-1.34995084851128,NA,NA
"296",30,"LOC111562509",0.397993225059791,NA,NA
"297",30,"LOC111581162",-0.935659927836724,NA,NA
"298",30,"ssbp2a",-2.1265214481097,NA,NA
"299",30,"lztr1",-0.365976560577614,NA,NA
"300",30,"si:ch211-225b11.1",-0.376641460979099,NA,NA
"301",30,"LOC111576649",0.780440754992412,NA,NA
"302",30,"rsrc2",0.945361330469187,NA,NA
"303",30,"vps13a",-0.0790143306127719,NA,NA
"304",30,"ntrk2a",-0.70716560219469,NA,NA
"305",30,"trim36",0.208075235528917,NA,NA
"306",30,"ccser1",0.527289682428321,NA,NA
"307",30,"grid2",0.882795423312462,NA,NA
"308",30,"pde4d",-1.33367234298341,NA,NA
"309",30,"efna5b",-0.680143632179817,NA,NA
"310",30,"fbxl17",0.910180339407477,NA,NA
"311",30,"ark2cb",-1.22013797672617,NA,NA
"312",30,"LOC111564720",-0.97696534139175,NA,NA
"313",30,"sema6a",-1.00552456998627,NA,NA
"314",30,"LOC111564694",0.409281461178059,NA,NA
"315",30,"LOC111564695",0.165282112034181,NA,NA
"316",30,"slc23a2",-0.187777691977426,NA,NA
"317",30,"polb",-1.32094851962292,NA,NA
"318",30,"slc20a2",-1.6028408960181,NA,NA
"319",30,"cenatac",-1.3153499214095,NA,NA
"320",30,"si:dkey-215k6.1",1.89227901091186,NA,NA
"321",30,"LOC111580389",-0.172036041796255,NA,NA
"322",30,"LOC111583971",0.28391363059614,NA,NA
"323",30,"ksr2",-0.79709674510968,NA,NA
"324",30,"LOC111586035",2.90926974002285,NA,NA
"325",30,"rufy3",1.79071559701234,NA,NA
"326",30,"ywhag2",1.04434480603474,NA,NA
"327",30,"taok1a",0.19486629139736,NA,NA
"328",30,"hspa8b",-0.10527644853824,NA,NA
"329",30,"dyrk1ab",0.420772949831898,NA,NA
"330",30,"LOC111587718",0.256271518892233,NA,NA
"331",30,"schip1",-0.355493496387418,NA,NA
"332",30,"ppm1lb",-1.08740285419023,NA,NA
"333",30,"LOC111575972",0.0474293986306842,NA,NA
"334",30,"dock10",-1.41893885015825,NA,NA
"335",30,"limk1a",0.738137947650553,NA,NA
"336",30,"rilp",0.187785700816487,NA,NA
"337",30,"unc119a",0.233079510135905,NA,NA
"338",30,"LOC111582219",-0.279832822967169,NA,NA
"339",30,"LOC118470067",-0.929552386428203,NA,NA
"340",30,"LOC111580968",-0.792469501054508,NA,NA
"341",30,"LOC111579029",-0.821919677829152,NA,NA
"342",30,"hip1",1.63140168037238,NA,NA
"343",30,"rnf7",0.099073942816733,NA,NA
"344",30,"dner",-0.455060132937974,NA,NA
"345",30,"pid1",-1.61640647672402,NA,NA
"346",30,"scn2b",0.194650778560383,NA,NA
"347",30,"serpini1",-1.43195584219948,NA,NA
"348",30,"veph1",0.527132549394289,NA,NA
"349",30,"ccnl1a",0.525204987915969,NA,NA
"350",30,"dscamb",1.50422392804972,NA,NA
"351",30,"brwd1",0.402949571630867,NA,NA
"352",30,"sacs",0.314626675920617,NA,NA
"353",30,"lsamp",-3.18539668434654,NA,NA
"354",30,"nudt8",0.0835276427462815,NA,NA
"355",30,"coq8b",0.161777222679599,NA,NA
"356",30,"LOC111566036",0.311275433915056,NA,NA
"357",30,"itm2ca",-0.386901745723276,NA,NA
"358",30,"pik3cb",-0.0878854713301918,NA,NA
"359",30,"LOC111569704",-0.4203418343286,NA,NA
"360",30,"fam131ab",0.0462834229535593,NA,NA
"361",30,"zbtb44",-0.742052841935065,NA,NA
"362",30,"snx19b",0.764414245417409,NA,NA
"363",30,"sez6b",-2.51522603852629,NA,NA
"364",30,"wsb1",1.31803801732237,NA,NA
"365",30,"fat3a",0.614619199647197,NA,NA
"366",30,"apbb1",-0.0128418517777158,NA,NA
"367",30,"robo2",0.795335677376745,NA,NA
"368",30,"nbeab",0.559117648920761,NA,NA
"369",30,"cadm2b",0.777215965122904,NA,NA
"370",30,"gbe1b",-1.21199394206176,NA,NA
"371",30,"nectin1b",-0.0501679243146685,NA,NA
"372",30,"bcl9l",1.29878058107304,NA,NA
"373",30,"aplp2",-0.251920699561894,NA,NA
"374",30,"nova2",0.175130102912665,NA,NA
"375",30,"actn4",0.514905813795855,NA,NA
"376",30,"LOC111579408",0.47082129283896,NA,NA
"377",30,"abcc5",-1.86490386178562,NA,NA
"378",30,"spcs2",0.540923118349451,NA,NA
"379",30,"clip3",-4.41045840380308,NA,NA
"380",30,"zgc:162698",-3.78456686990789,NA,NA
"381",30,"LOC129349326",3.25173044963778,NA,NA
"382",30,"LOC111568840",0.534723285051308,NA,NA
"383",30,"LOC129349208",0.408655123871037,NA,NA
"384",30,"LOC111568791",1.15967164821774,NA,NA
"385",30,"fgd1",0.494948496466631,NA,NA
"386",30,"plxnb3",0.317995404046137,NA,NA
"387",30,"hm13",0.441772409287211,NA,NA
"388",30,"plxna3",-1.06938899845084,NA,NA
"389",30,"slc35a2",-0.397126839763509,NA,NA
"390",30,"si:ch211-180f4.1",0.536655008479731,NA,NA
"391",30,"LOC111571577",0.768281828946214,NA,NA
"392",30,"atp6ap1a",-0.0766051969775979,NA,NA
"393",30,"LOC111571153",0.271168881060323,NA,NA
"394",30,"LOC111576182",0.867634554491871,NA,NA
"395",30,"tm9sf4",0.440943532607927,NA,NA
"396",30,"LOC111586647",-0.461500348795107,NA,NA
"397",30,"nckap5l",0.376838721458308,NA,NA
"398",30,"agap2",-0.60302898550513,NA,NA
"399",30,"soga1",1.68543528018647,NA,NA
"400",30,"bsna",0.217937115181665,NA,NA
"401",30,"arih2",-0.32749803401173,NA,NA
"402",30,"igf3",0.28389118477762,NA,NA
"403",30,"vps13d",-0.00786800708581271,NA,NA
"404",30,"skia",0.55696909314029,NA,NA
"405",30,"prkcz",1.81802190542927,NA,NA
"406",30,"LOC111572541",0.160124405926353,NA,NA
"407",30,"gabrd",0.0581668797932833,NA,NA
"408",30,"ano11",-0.344766770795443,NA,NA
"409",30,"mtor",0.523666733796841,NA,NA
"410",30,"agrn",1.2500269033493,NA,NA
"411",30,"LOC111571774",-0.379235997446754,NA,NA
"412",30,"LOC111574442",0.453632700252849,NA,NA
"413",30,"hdac7a",0.361667973691546,NA,NA
"414",30,"LOC111581132",0.213019789476895,NA,NA
"415",30,"LOC111570248",0.391409435300079,NA,NA
"416",30,"LOC129349487",0.928203780132081,NA,NA
"417",30,"ntsr1",1.50814492081147,NA,NA
"418",30,"LOC111584290",-0.128380413674793,NA,NA
"419",30,"usp11",-1.58713299019464,NA,NA
"420",30,"LOC111583728",-0.423515882751094,NA,NA
"421",30,"LOC111562410",0.36107917982445,NA,NA
"422",30,"atp6ap1b",0.0662595220572383,NA,NA
"423",30,"sdf4",0.255336250332643,NA,NA
"424",30,"acap3a",0.385906030874322,NA,NA
"425",30,"tmem269",0.804199773708211,NA,NA
"426",30,"csrnp2",0.129391891345355,NA,NA
"427",30,"dnajc5aa",-0.961440906457359,NA,NA
"428",30,"nkain5",0.442669662955544,NA,NA
"429",30,"si:dkey-70p6.1",-3.01441505957355,NA,NA
"430",30,"sypb",-0.319869065237088,NA,NA
"431",30,"aurkaip1",0.0662595220572383,NA,NA
"432",30,"tspy",0.0850090612832433,NA,NA
"433",30,"LOC111572104",-0.925668995766314,NA,NA
"434",30,"LOC111572090",-1.00782638428016,NA,NA
"435",30,"LOC111572121",-0.00835854352848662,NA,NA
"436",30,"cacnb3a",0.541052041280909,NA,NA
"437",30,"b3galt4",-1.88931143490161,NA,NA
"438",30,"tmcc1a",-0.25983057688698,NA,NA
"439",30,"LOC111588707",-0.117555176918272,NA,NA
"440",30,"LOC129349478",0.200079037420598,NA,NA
"441",30,"slc6a1a",-0.720880991829095,NA,NA
"442",30,"rbm39b",0.793789676161297,NA,NA
"443",30,"grip2a",0.647919310472012,NA,NA
"444",30,"LOC111574196",0.587804738666554,NA,NA
"445",30,"LOC111574190",0.109914724117104,NA,NA
"446",30,"zbtb46",-0.795569465960393,NA,NA
"447",30,"top1b",-0.161561025900574,NA,NA
"448",30,"camkvl",-0.972501094029342,NA,NA
"449",30,"cbx5",0.229033709618676,NA,NA
"450",30,"calcoco1a",0.174281387109463,NA,NA
"451",30,"LOC111581500",-0.701264049627644,NA,NA
"452",30,"lrp1ab",-0.350479267459336,NA,NA
"453",30,"phf8",0.494539272470067,NA,NA
"454",30,"si:dkey-151g10.3",0.399135565065183,NA,NA
"455",30,"rnd1b",-0.02130538102939,NA,NA
"456",30,"slc6a17",0.111958804890542,NA,NA
"457",30,"nfyal",0.171072364920439,NA,NA
"458",30,"LOC111570046",0.0684184052965793,NA,NA
"459",30,"rerea",1.651710335275,NA,NA
"460",30,"samd11",0.7378640930961,NA,NA
"461",30,"clstn1",-2.35351245110192,NA,NA
"462",30,"kif1b",0.682267398131021,NA,NA
"463",30,"cntn3a.2",0.278482394079276,NA,NA
"464",30,"si:dkey-178k16.1",0.0152778106344521,NA,NA
"465",30,"LOC111579268",-1.01861984681626,NA,NA
"466",30,"LOC111585271",0.32344677255112,NA,NA
"467",30,"kazna",2.41749388312696,NA,NA
"468",30,"sema3bl",-1.47316920104271,NA,NA
"469",30,"rpl18",0.187071221139116,NA,NA
"470",30,"LOC111574730",-0.796275428830277,NA,NA
"471",30,"rps9",-0.195231349980707,NA,NA
"472",30,"ttyh1",1.2868126452325,NA,NA
"473",30,"LOC111586745",0.471444649027281,NA,NA
"474",30,"kcnn3",-1.82671892687721,NA,NA
"475",30,"rusc1",0.115775628243063,NA,NA
"476",30,"LOC111573146",0.318058857028017,NA,NA
"477",30,"stmn2a",-0.747257424153172,NA,NA
"478",30,"si:ch211-257p13.3",0.272229028269915,NA,NA
"479",30,"ptdss1a",-1.90622332002587,NA,NA
"480",30,"tax1bp1b",-0.0494064570148215,NA,NA
"481",30,"LOC111588827",0.648760723999607,NA,NA
"482",30,"sp8b",-0.680384067860813,NA,NA
"483",30,"LOC111577053",-1.10158578182745,NA,NA
"484",30,"LOC111577051",-0.559726065676988,NA,NA
"485",30,"aplp1",1.81775521587748,NA,NA
"486",30,"si:dkeyp-84f3.9",-0.174487115510223,NA,NA
"487",30,"LOC111565710",-0.0537533133802674,NA,NA
"488",30,"cmtm7",0.104178122616786,NA,NA
"489",30,"atp2c1",1.04290423056242,NA,NA
"490",30,"LOC111568264",0.991912710835774,NA,NA
"491",30,"adam15",-0.169086526493604,NA,NA
"492",30,"si:dkey-7j14.6",0.217724965048308,NA,NA
"493",30,"si:dkey-199f5.8",0.200314198822151,NA,NA
"494",30,"gabbr1a",-0.428820991382322,NA,NA
"495",30,"sv2a",-1.08382777397938,NA,NA
"496",30,"syngap1b",1.60190531643423,NA,NA
"497",30,"phf1",-1.4731995061583,NA,NA
"498",30,"LOC111566130",0.200194944261224,NA,NA
"499",30,"znf385d",0.501929005650908,NA,NA
"500",30,"LOC111566140",0.271332916179559,NA,NA
"501",30,"tmem106ba",-1.57429385021393,NA,NA
"502",30,"crppa",0.0797640419732604,NA,NA
"503",30,"cspg5a",2.11079352206389,NA,NA
"504",30,"LOC111573010",-0.103943721186088,NA,NA
"505",30,"sema6e",-0.520016755050312,NA,NA
"506",30,"si:ch211-113g11.6",0.537193474775356,NA,NA
"507",30,"bbs9",0.23813099220149,NA,NA
"508",30,"bmper",-0.190003121949696,NA,NA
"509",30,"sh3bp5b",0.466980674864805,NA,NA
"510",30,"mef2d",0.642367932748422,NA,NA
"511",30,"LOC111580561",3.30966684747841,NA,NA
"512",30,"snrnp48",-0.253239482466225,NA,NA
"513",30,"si:dkey-22o22.2",0.186456316501512,NA,NA
"514",30,"iglon5",-0.950355725651425,NA,NA
"515",30,"LOC111567735",0.0254646243772098,NA,NA
"516",30,"stk40",0.465024538905268,NA,NA
"517",30,"grik3",3.06376436008755,NA,NA
"518",30,"cadm4",-1.11174390682003,NA,NA
"519",30,"tmem145",0.923789469925458,NA,NA
"520",30,"atp1a3b",1.29375578807922,NA,NA
"521",30,"abhd16a",0.243762725707855,NA,NA
"522",30,"si:dkeyp-77h1.4",0.474995678372028,NA,NA
"523",30,"LOC111579833",-1.50797603018562,NA,NA
"524",30,"slc6a3",-1.69909174933608,NA,NA
"525",30,"LOC111562513",-0.590600468098381,NA,NA
"526",30,"trak1a",-1.53455203537315,NA,NA
"527",30,"ube3d",0.0987215258246807,NA,NA
"528",30,"dop1a",0.299451030610321,NA,NA
"529",30,"rims2a",0.0532848931978205,NA,NA
"530",30,"LOC111588859",0.0853120535794876,NA,NA
"531",30,"ldlrad4b",-2.59866864376763,NA,NA
"532",30,"ubr5",-1.79265666482255,NA,NA
"533",30,"LOC111576353",1.40207101392758,NA,NA
"534",30,"grik2",0.285797994705941,NA,NA
"535",30,"tsnare1",-2.7336087508336,NA,NA
"536",30,"asph",0.589411450207821,NA,NA
"537",30,"fam151a",0.307712587658875,NA,NA
"538",30,"LOC111578495",0.49449267445044,NA,NA
"539",30,"tyw3",0.29312749078467,NA,NA
"540",30,"ndufv2",0.0811334620930439,NA,NA
"541",30,"LOC111570825",-0.176650756908639,NA,NA
"542",30,"LOC111586146",2.21515262554844,NA,NA
"543",30,"ak5",1.63637093378626,NA,NA
"544",30,"map4l",2.44071105525815,NA,NA
"545",30,"LOC111588076",0.984213172231564,NA,NA
"546",30,"tnk2b",0.386181637962807,NA,NA
"547",30,"dnm3b",0.0853152972235579,NA,NA
"548",30,"LOC111587111",0.104048885628151,NA,NA
"549",30,"atp1b3a",0.516337946946004,NA,NA
"550",30,"stk25b",0.157871124511022,NA,NA
"551",30,"dipk1aa",0.149368687262795,NA,NA
"552",30,"kcnn1a",-0.140099396197412,NA,NA
"553",30,"LOC111576809",0.178044220351954,NA,NA
"554",30,"LOC111576806",-0.174102178713264,NA,NA
"555",30,"LOC111572309",-1.85981358964834,NA,NA
"556",30,"LOC129349764",0.668475821114077,NA,NA
"557",30,"camsap2b",0.513884682110623,NA,NA
"558",30,"LOC111577296",-3.02303516323613,NA,NA
"559",30,"gpc1b",0.0432906808416034,NA,NA
"560",30,"selenot1a",0.44274597712173,NA,NA
"561",30,"tnr",1.72848958277759,NA,NA
"562",30,"clcn2a",-0.0602440510725876,NA,NA
"563",30,"LOC111570141",0.312082705658659,NA,NA
"564",30,"kmt2cb",-0.661699586356726,NA,NA
"565",30,"LOC111568711",0.385227530770595,NA,NA
"566",30,"spidr",0.333402240054093,NA,NA
"567",30,"pcmtd1",0.0513912827791717,NA,NA
"568",30,"agap3",2.18770095722662,NA,NA
"569",30,"mmp16b",-3.26193859766551,NA,NA
"570",30,"b4galt2",-2.44963631010676,NA,NA
"571",30,"LOC111570408",-2.2646188029927,NA,NA
"572",30,"atp6v1h",0.470773844437549,NA,NA
"573",30,"lpin2",-0.376421979121307,NA,NA
"574",30,"LOC111562877",0.708078747845539,NA,NA
"575",30,"cnpy1",0.0879513817565568,NA,NA
"576",30,"LOC111576984",-1.47185133304862,NA,NA
"577",30,"LOC111570365",2.25190663325862,NA,NA
"578",30,"LOC111570366",0.514863483392668,NA,NA
"579",30,"copa",-0.0862860474940949,NA,NA
"580",30,"LOC111573211",-0.106498686074308,NA,NA
"581",30,"LOC111564905",0.526567463922331,NA,NA
"582",30,"LOC111568572",-0.601038405327879,NA,NA
"583",30,"LOC111562870",-0.121572605980586,NA,NA
"584",30,"pard3ab",0.316178376874054,NA,NA
"585",30,"LOC111563883",2.34109579982941,NA,NA
"586",30,"LOC111568381",0.97635947942781,NA,NA
"587",30,"myo10",0.0797640419732604,NA,NA
"588",30,"basp1",0.745913684961212,NA,NA
"589",30,"adcy8",2.26563547193894,NA,NA
"590",30,"efr3a",-0.761739462012441,NA,NA
"591",30,"kcnq3",-1.02040514298759,NA,NA
"592",30,"retreg1",-0.059053533031906,NA,NA
"593",30,"uxs1",0.134892718545008,NA,NA
"594",30,"inpp4aa",-1.70017022652034,NA,NA
"595",30,"arhgef7a",-0.793336531111582,NA,NA
"596",30,"spryd7b",0.113041169814224,NA,NA
"597",30,"tspan7b",-2.51212039743389,NA,NA
"598",30,"mycbp2",0.996372330895533,NA,NA
"599",30,"klf12b",1.76449824499368,NA,NA
"600",30,"nalcn",3.34120373020035,NA,NA
"601",30,"upf3a",-0.0027155662503074,NA,NA
"602",30,"LOC129349968",0.284735977594273,NA,NA
"603",30,"sestd1",1.30655030473811,NA,NA
"604",30,"LOC111572701",-0.621661977061306,NA,NA
"605",30,"LOC111568091",-1.87081978293198,NA,NA
"606",30,"myo16",-1.60256883044602,NA,NA
"607",30,"LOC111566603",0.802055872822038,NA,NA
"608",30,"LOC111566604",0.104047863652874,NA,NA
"609",30,"si:ch211-214p13.3",0.665752487065398,NA,NA
"610",30,"LOC129350015",0.0728620632277783,NA,NA
"611",30,"igsf3",1.12125901834759,NA,NA
"612",30,"glra2",0.280645721974155,NA,NA
"613",30,"LOC111586361",-0.109005835993433,NA,NA
"614",30,"hnrnpa3",0.68703160523013,NA,NA
"615",30,"sp9",-1.73856917014493,NA,NA
"616",30,"dync1i2a",-0.552273211475747,NA,NA
"617",30,"dlx1a",-1.15641565888155,NA,NA
"618",30,"rapgef4a",1.36594186136733,NA,NA
"619",30,"gad1a",2.88095839477188,NA,NA
"620",30,"LOC111574054",-0.439682141755028,NA,NA
"621",30,"LOC111580589",0.898751751138604,NA,NA
"622",30,"LOC111584793",-0.142152982384146,NA,NA
"623",30,"stxbp5l",3.75849184985308,NA,NA
"624",30,"lrp1bb",2.05220960914865,NA,NA
"625",30,"ptpn4a",-0.8962696948667,NA,NA
"626",30,"gulp1a",-0.686921373369798,NA,NA
"627",30,"usp37",0.132908290240043,NA,NA
"628",30,"LOC111564344",0.270839753550798,NA,NA
"629",30,"adcy5",2.42140018696636,NA,NA
"630",30,"sema5ba",0.597901785199729,NA,NA
"631",30,"insig2",0.316354435398802,NA,NA
"632",30,"ifngr2",0.263673795173185,NA,NA
"633",30,"clasp1a",0.873996790973832,NA,NA
"634",30,"LOC111571688",0.55521359586947,NA,NA
"635",30,"kcnh3",1.17897254431056,NA,NA
"636",30,"dgkh",1.25609083367054,NA,NA
"637",30,"caska",2.21695667124831,NA,NA
"638",30,"pde1a",-0.210369977233486,NA,NA
"639",30,"LOC111588819",2.21650411098329,NA,NA
"640",30,"enox1",0.673233864032741,NA,NA
"641",30,"itgav",-0.908219161347363,NA,NA
"642",30,"man1a2",1.20020908642489,NA,NA
"643",30,"cntnap5a",0.65546606712291,NA,NA
"644",30,"etv5a",0.736854908704928,NA,NA
"645",30,"sf3b1",-0.713127882147067,NA,NA
"646",30,"serinc1",-0.391966257079544,NA,NA
"647",30,"slc35f1",0.123580840112851,NA,NA
"648",30,"sh3bgrl2",-1.77538495361617,NA,NA
"649",30,"ppp1r14c",0.315704941397727,NA,NA
"650",30,"nbas",1.05466853847322,NA,NA
"651",30,"LOC111585940",-0.786522304275134,NA,NA
"652",30,"cdc40",0.130366170041227,NA,NA
"653",30,"lpgat1",-1.38410036916619,NA,NA
"654",30,"LOC118471795",0.0797640419732604,NA,NA
"655",30,"LOC111566654",-0.524937770481042,NA,NA
"656",30,"syncrip",0.370180640646063,NA,NA
"657",30,"nmbr",0.190392359415119,NA,NA
"658",30,"kidins220b",-0.103583224434241,NA,NA
"659",30,"cdc42bpb",-1.11019252289977,NA,NA
"660",30,"LOC111574976",0.260405053142607,NA,NA
"661",30,"utrn",1.06033590397724,NA,NA
"662",30,"aig1",-0.37165472921728,NA,NA
"663",30,"hivep2a",1.81139494702143,NA,NA
"664",30,"myt1la",0.568957003684447,NA,NA
"665",30,"msraa",-2.86659552076603,NA,NA
"666",30,"afdna",3.0019548075206,NA,NA
"667",30,"fam184ab",1.41930095242899,NA,NA
"668",30,"mia3",0.764607708769147,NA,NA
"669",30,"hsp90ab1",-1.4267256642428,NA,NA
"670",30,"gphnb",-0.535428606340195,NA,NA
"671",30,"slc24a4b",-0.732846635470003,NA,NA
"672",30,"LOC111578333",0.0408326836472584,NA,NA
"673",30,"sipa1l1",-0.873447930512072,NA,NA
"674",30,"slc10a1",0.231310958920185,NA,NA
"675",30,"LOC111575672",-0.524380203863372,NA,NA
"676",30,"clu",-0.957640034529388,NA,NA
"677",30,"rab10",-1.77135857987835,NA,NA
"678",30,"LOC111588989",1.50778926377432,NA,NA
"679",30,"cnih3",1.90454181867326,NA,NA
"680",30,"cdk19",-1.14683649876839,NA,NA
"681",30,"gpr63",0.168439287377348,NA,NA
"682",30,"bach2b",1.3398316442419,NA,NA
"683",30,"lrfn2b",2.85024297595606,NA,NA
"684",30,"LOC111572587",-0.407430450402829,NA,NA
"685",30,"chga",-0.221705339210534,NA,NA
"686",30,"sel1l",0.24067368517986,NA,NA
"687",30,"stum",-0.583844244249551,NA,NA
"688",30,"LOC111566453",0.313507161051323,NA,NA
"689",30,"syndig1l",0.557018344903138,NA,NA
"690",30,"hsp90aa1.2",-0.326255374684774,NA,NA
"691",30,"LOC111573798",3.1806709653285,NA,NA
"692",30,"naa30",0.0728620632277783,NA,NA
"693",30,"armh4",0.579223287773241,NA,NA
"694",30,"LOC111569671",-2.13231775169437,NA,NA
"695",30,"LOC111569679",1.92867816719462,NA,NA
"696",30,"LOC111582007",0.999470404905532,NA,NA
"697",30,"LOC111566088",-3.35155207939844,NA,NA
"698",30,"LOC118470282",0.339372426836446,NA,NA
"699",30,"cdc42bpab",0.4350641361484,NA,NA
"700",30,"hnrnpub",0.751592664482072,NA,NA
"701",30,"snap25a",1.28239321112934,NA,NA
"702",30,"LOC111582719",2.43184201698407,NA,NA
"703",30,"matr3l1.2",0.342982657064845,NA,NA
"704",30,"LOC111563482",-0.368780099146073,NA,NA
"705",30,"LOC111564844",-2.795116481945,NA,NA
"706",30,"prom1a",0.0662595220572383,NA,NA
"707",30,"ldb2a",0.42202274107207,NA,NA
"708",30,"gria2b",1.12810808290679,NA,NA
"709",30,"si:dkey-237h12.3",0.914300804741748,NA,NA
"710",30,"LOC111580474",0.127463711665193,NA,NA
"711",30,"maea",0.388250633414791,NA,NA
"712",30,"atp8a1",1.49351685924789,NA,NA
"713",30,"pcdh19",-1.13715782546908,NA,NA
"714",30,"nkrf",0.174751043641311,NA,NA
"715",30,"zdhhc9",0.353307113345503,NA,NA
"716",30,"drp2",0.249467189110195,NA,NA
"717",30,"LOC111566326",0.476526504476532,NA,NA
"718",30,"fgf13a",-1.37841873169103,NA,NA
"719",30,"cfl1",-0.857741926373508,NA,NA
"720",30,"atg2a",-0.187094470164919,NA,NA
"721",30,"ankrd13d",0.258248447859817,NA,NA
"722",30,"zdhhc5b",-0.0713072779825789,NA,NA
"723",30,"LOC111576782",-0.185408437276894,NA,NA
"724",30,"LOC111576778",0.1469112521908,NA,NA
"725",30,"LOC118471158",0.18702532457329,NA,NA
"726",30,"LOC111572933",1.8632789203628,NA,NA
"727",30,"LOC111580573",0.351281603520312,NA,NA
"728",30,"LOC129350345",0.377018516673251,NA,NA
"729",30,"LOC111577457",-0.45658289124129,NA,NA
"730",30,"LOC111576744",-0.605400744903864,NA,NA
"731",30,"cd74a",0.172671721556082,NA,NA
"732",30,"ndst1a",0.678309117079033,NA,NA
"733",30,"LOC111569503",0.115449774854325,NA,NA
"734",30,"atp7a",0.154545597588779,NA,NA
"735",30,"gabrb2a",-0.734118692317562,NA,NA
"736",30,"LOC111565143",-0.229964592631823,NA,NA
"737",30,"atrx",-0.467120166518218,NA,NA
"738",30,"ccdc142",1.78969034950998,NA,NA
"739",30,"rint1",-0.284843098484571,NA,NA
"740",30,"il1rapl2",1.37919580320423,NA,NA
"741",30,"aff2",0.722135314980348,NA,NA
"742",30,"pigg",0.078881825040015,NA,NA
"743",30,"ctsf",-0.757753659687288,NA,NA
"744",30,"ppp3cb",1.50425722853166,NA,NA
"745",30,"LOC111569859",-0.424998734952587,NA,NA
"746",30,"si:ch211-26b3.4",-0.369547179762175,NA,NA
"747",30,"tenm1",-0.832768473573079,NA,NA
"748",30,"LOC111583145",0.432576389718825,NA,NA
"749",30,"LOC129350289",0.0794104630698239,NA,NA
"750",30,"tenm2a",-1.02622867775885,NA,NA
"751",30,"gria1a",-0.784500177209476,NA,NA
"752",30,"unc5a",-1.63062775382163,NA,NA
"753",30,"slc25a14",0.596426521720091,NA,NA
"754",30,"klf8",0.437706011420612,NA,NA
"755",30,"cadm1a",0.0617081020724044,NA,NA
"756",30,"pcf11",0.920270145558387,NA,NA
"757",30,"larp1",-0.0901512024033043,NA,NA
"758",30,"ddx46",0.267364663358731,NA,NA
"759",30,"jade2",3.06736510842718,NA,NA
"760",30,"fstl4",0.706752772542691,NA,NA
"761",30,"gabra1",-2.05946683530303,NA,NA
"762",30,"LOC111579558",0.563502174897505,NA,NA
"763",30,"LOC111574492",-2.07478254693318,NA,NA
"764",30,"kctd16b",-0.83436093465514,NA,NA
"765",30,"nsg2",1.11330793444054,NA,NA
"766",30,"LOC111582687",-0.465750903626973,NA,NA
"767",30,"LOC111567424",-0.0372677811330773,NA,NA
"768",30,"crebrf",-1.04152982295896,NA,NA
"769",30,"caln2",0.120243491478458,NA,NA
"770",30,"LOC111588250",0.338514729774771,NA,NA
"771",30,"fryb",0.255457526355037,NA,NA
"772",30,"alg5",0.099073942816733,NA,NA
"773",30,"tpte",0.100538451339075,NA,NA
"774",30,"mtus2a",0.817936692321012,NA,NA
"775",30,"LOC118470025",0.157476096349941,NA,NA
"776",30,"cadm2a",2.74763375691744,NA,NA
"777",30,"pitpnab",0.419888974140482,NA,NA
"778",30,"aldocb",-0.881825543889172,NA,NA
"779",30,"alg9",0.088780389381685,NA,NA
"780",30,"nrxn2a",-3.58157146588505,NA,NA
"781",30,"si:dkey-251i10.1",-1.50705109940426,NA,NA
"782",30,"LOC111587179",1.24725061430955,NA,NA
"783",30,"LOC111575218",-0.414870206795391,NA,NA
"784",30,"ubash3ba",0.129732499859438,NA,NA
"785",30,"gnb2",0.360517215244863,NA,NA
"786",30,"plp1b",0.422577819389286,NA,NA
"787",30,"nlgn3b",0.810043844871285,NA,NA
"788",30,"gria3a",-0.517162163978957,NA,NA
"789",30,"thoc2",-1.72548337078304,NA,NA
"790",30,"LOC111587368",0.40531605753141,NA,NA
"791",30,"msi2b",1.19453059106434,NA,NA
"792",30,"LOC111571753",-0.254044903002778,NA,NA
"793",30,"LOC111571975",-1.47483498874683,NA,NA
"794",30,"kcnip1b",0.64491941838787,NA,NA
"795",30,"gabrb4",-1.41437877748499,NA,NA
"796",30,"gabra3",-0.410029160679422,NA,NA
"797",30,"adssl",0.403528436295246,NA,NA
"798",30,"prdx5",-1.28232714617951,NA,NA
"799",30,"gng3",0.359167074965793,NA,NA
"800",30,"si:dkey-175m17.7",0.274824070996956,NA,NA
"801",30,"cnih2",0.595305707179307,NA,NA
"802",30,"uvrag",-0.969005279628969,NA,NA
"803",30,"LOC111568198",-1.55412190973732,NA,NA
"804",30,"opcml",1.78550992539975,NA,NA
"805",30,"LOC111571768",-0.57669611911772,NA,NA
"806",30,"dlg2",4.53543872611249,NA,NA
"807",30,"camkk1a",-2.5352635328551,NA,NA
"808",30,"LOC111567935",-0.719309013032238,NA,NA
"809",30,"LOC111584424",0.0863959241650623,NA,NA
"810",30,"gria4b",-0.947913607431711,NA,NA
"811",30,"emsy",0.451821340885439,NA,NA
"812",30,"mpzl1l",0.334832382172342,NA,NA
"813",30,"capn5b",-1.13193548605023,NA,NA
"814",30,"LOC111585876",-0.656040750552706,NA,NA
"815",30,"castor2",0.101455707520126,NA,NA
"816",30,"zgc:77151",0.510239592203353,NA,NA
"817",30,"grk6",0.40541851970852,NA,NA
"818",30,"wwc1",0.455375048603472,NA,NA
"819",30,"sgcd",2.57743684436085,NA,NA
"820",30,"camk2a",0.604808059995827,NA,NA
"821",30,"prrt1",-0.317069918193582,NA,NA
"822",30,"eno2",-0.680090820908784,NA,NA
"823",30,"LOC111568099",-1.82486875621489,NA,NA
"824",30,"LOC111568093",-0.101893010725433,NA,NA
"825",30,"shisa7b",1.3192764187172,NA,NA
"826",30,"LOC111567355",1.6968591735432,NA,NA
"827",30,"prrc2a",0.853010544017772,NA,NA
"828",30,"LOC111564866",-0.203482466393377,NA,NA
"829",30,"LOC111569693",-0.414100440931388,NA,NA
"830",30,"rps27.1",-2.13168879168067,NA,NA
"831",30,"scamp3",-0.319101627347534,NA,NA
"832",30,"mrps21",0.182391462492787,NA,NA
"833",30,"pygo2",-0.546948101617209,NA,NA
"834",30,"LOC111569221",-1.00573010461699,NA,NA
"835",30,"LOC111575028",-1.20991591335828,NA,NA
"836",30,"pag1",-2.05972504510913,NA,NA
"837",30,"tmem64",0.141537204629559,NA,NA
"838",30,"necab1",1.31941810580902,NA,NA
"839",30,"pip4p2",0.334105231995179,NA,NA
"840",30,"arpp21",0.495395651929586,NA,NA
"841",30,"pex1",0.900881288596497,NA,NA
"842",30,"elmo1",0.844640689099242,NA,NA
"843",30,"LOC111573771",0.164442097967612,NA,NA
"844",30,"cspg5b",-3.43257060519504,NA,NA
"845",30,"calcr",-0.692970786545653,NA,NA
"846",30,"LOC118471338",2.43069748953343,NA,NA
"847",30,"tax1bp1a",0.167996676854901,NA,NA
"848",30,"csmd2",2.72491821651077,NA,NA
"849",30,"dlgap3",0.684376844427692,NA,NA
"850",30,"fam49al",-1.25259934000751,NA,NA
"851",30,"LOC111562439",0.505098618863634,NA,NA
"852",30,"trioa",-0.828335812400648,NA,NA
"853",30,"LOC111564276",0.0643596259795514,NA,NA
"854",30,"thrb",-2.91523482665517,NA,NA
"855",30,"LOC111585248",-2.97054792019199,NA,NA
"856",30,"epb41a",0.742355105483017,NA,NA
"857",30,"stx12",-0.679405184639454,NA,NA
"858",30,"LOC111587924",0.347095144612118,NA,NA
"859",30,"gtf2h4",-0.235922875513876,NA,NA
"860",30,"bag6l",2.12121808263953,NA,NA
"861",30,"glcci1a",0.491374138382855,NA,NA
"862",30,"LOC111580950",-1.78208276703027,NA,NA
"863",30,"LOC129350654",0.553401400622887,NA,NA
"864",30,"LOC111570492",0.602827007694898,NA,NA
"865",30,"plekho1a",0.142612487038324,NA,NA
"866",30,"mllt11",0.0824023781569411,NA,NA
"867",30,"pvrl2l",3.14024100604174,NA,NA
"868",30,"atp1a3a",-0.137411594514548,NA,NA
"869",30,"macf1a",1.72035135557386,NA,NA
"870",30,"pleca",-0.0931282663192205,NA,NA
"871",30,"samd12",0.19623761661971,NA,NA
"872",30,"LOC111571373",0.123469579097875,NA,NA
"873",30,"cap1",-0.177183811075529,NA,NA
"874",30,"LOC111583312",0.133203482609224,NA,NA
"875",30,"ehbp1",1.65468767190401,NA,NA
"876",30,"pank1a",-1.42269723534574,NA,NA
"877",30,"slc8a1b",1.16873136666581,NA,NA
"878",30,"LOC111571302",0.552290937478105,NA,NA
"879",30,"LOC111571501",-0.755459089230439,NA,NA
"880",30,"grid1a",-1.5617604190766,NA,NA
"881",30,"ccser2a",-0.329455900854751,NA,NA
"882",30,"rgs7a",0.513629282326921,NA,NA
"883",30,"ank3a",-0.726761175906939,NA,NA
"884",30,"mgmt",0.286487907369511,NA,NA
"885",30,"add3b",-1.37703738615048,NA,NA
"886",30,"slka",1.05768347192506,NA,NA
"887",30,"pcsk2",-1.239052345629,NA,NA
"888",30,"kcnma1a",-0.434025757390503,NA,NA
"889",30,"zmiz1a",0.322636249610487,NA,NA
"890",30,"rps24",-2.11753226761413,NA,NA
"891",30,"spock2",-2.64504381015341,NA,NA
"892",30,"hif1an",0.116817740232418,NA,NA
"893",30,"rgra",-1.86490386178562,NA,NA
"894",30,"ccar1",-0.00558490150566713,NA,NA
"895",30,"marchf8",0.768533946499796,NA,NA
"896",30,"zgc:171482",0.0230006453819194,NA,NA
"897",30,"LOC111579231",-0.440481112539964,NA,NA
"898",30,"adgrb3",0.0403038632960904,NA,NA
"899",30,"map3k4",0.0811882818761234,NA,NA
"900",30,"psap",-1.76068826934033,NA,NA
"901",30,"macrod2",3.03413520330998,NA,NA
"902",30,"btbd3b",0.281709521780158,NA,NA
"903",30,"arid4b",0.12743144045233,NA,NA
"904",30,"gpr137ba",0.444857589504494,NA,NA
"905",30,"zmp:0000000755",0.686976004269625,NA,NA
"906",30,"LOC111563637",-0.492918635449691,NA,NA
"907",30,"ndst2a",0.468410755506459,NA,NA
"908",30,"slc18a2",-0.13158183545165,NA,NA
"909",30,"birc6",1.07937924625386,NA,NA
"910",30,"LOC111578243",0.046277791624617,NA,NA
"911",30,"LOC111578997",0.662150663010334,NA,NA
"912",30,"usp54a",-1.79491852192013,NA,NA
"913",30,"rtn4a",1.13763721915386,NA,NA
"914",30,"LOC111572926",1.64896912681783,NA,NA
"915",30,"cryzl1",0.260266967696647,NA,NA
"916",30,"LOC111579075",0.391846329794562,NA,NA
"917",30,"znf365",-1.34014887381136,NA,NA
"918",30,"nckap1",-0.31435899446239,NA,NA
"919",30,"LOC111586050",0.192836375805793,NA,NA
"920",30,"LOC111578740",0.219679831193919,NA,NA
"921",30,"plppr1",-0.207335739498944,NA,NA
"922",30,"LOC111571154",-0.865800919903752,NA,NA
"923",30,"LOC111565724",-1.24640659524678,NA,NA
"924",30,"fam163ba",2.89356759156128,NA,NA
"925",30,"setd1ba",0.225202834631836,NA,NA
"926",30,"taok3b",0.87322149228768,NA,NA
"927",30,"sgsm1b",-0.31087511375325,NA,NA
"928",30,"oaz1b",-1.62457216246593,NA,NA
"929",30,"lman2la",0.157896538563826,NA,NA
"930",30,"LOC111579823",-0.185449142953215,NA,NA
"931",30,"edf1",0.103637050875349,NA,NA
"932",30,"ctif",0.0642441261503999,NA,NA
"933",30,"LOC111578680",-1.49773340208236,NA,NA
"934",30,"LOC111562973",-0.265363236033169,NA,NA
"935",30,"LOC111575636",0.320873010375347,NA,NA
"936",30,"klhl8",0.40441453273527,NA,NA
"937",30,"ntrk2b",-0.61484195030905,NA,NA
"938",30,"kcnt1a",-0.928028956314214,NA,NA
"939",30,"miga2",0.172639244254399,NA,NA
"940",30,"map1b",0.239227339906755,NA,NA
"941",30,"ppp1r26",-0.117473111849465,NA,NA
"942",30,"olfm1b",0.203627290826301,NA,NA
"943",30,"btf3",-1.50952142438722,NA,NA
"944",30,"sgtb",0.0969629228402292,NA,NA
"945",30,"LOC111572642",-0.321160131059618,NA,NA
"946",30,"pde8b",0.341282884886528,NA,NA
"947",30,"LOC111578853",0.670133188577437,NA,NA
"948",30,"enoph1",-1.10874563773511,NA,NA
"949",30,"hnrnpd",0.629536075779122,NA,NA
"950",30,"LOC111565799",0.0595963415478764,NA,NA
"951",30,"LOC111565803",0.976362404969729,NA,NA
"952",30,"LOC111570198",-0.270825790879523,NA,NA
"953",30,"zmiz2",2.53645995913138,NA,NA
"954",30,"ppiab",0.367089717704814,NA,NA
"955",30,"naa25",-0.304491483589194,NA,NA
"956",30,"dennd1a",0.45387484950689,NA,NA
"957",30,"LOC111563720",0.926665853465287,NA,NA
"958",30,"vav2",2.85160094378924,NA,NA
"959",30,"lrrtm4l1",-1.43565954175934,NA,NA
"960",30,"stxbp1a",-0.136055373121467,NA,NA
"961",30,"cacna1bb",-1.93229526181804,NA,NA
"962",30,"LOC111586680",-1.08870891898558,NA,NA
"963",30,"mfsd14ba",0.250330182581854,NA,NA
"964",30,"LOC111564555",-0.934469528502741,NA,NA
"965",30,"st8sia3",0.300937318139141,NA,NA
"966",30,"gfra2b",-0.0309727259723958,NA,NA
"967",30,"xpo7",-0.842103109798432,NA,NA
"968",30,"ppp3ccb",0.355186688015395,NA,NA
"969",30,"sema4gb",-1.95703453503967,NA,NA
"970",30,"LOC111570752",0.532292689001097,NA,NA
"971",30,"mapta",0.585665059528278,NA,NA
"972",30,"LOC111572927",0.610220738832626,NA,NA
"973",30,"nfe2l1b",-0.291483927133119,NA,NA
"974",30,"nbr1a",-1.5870259782934,NA,NA
"975",30,"LOC111586477",0.23698399374183,NA,NA
"976",30,"rab40b",2.35947602053169,NA,NA
"977",30,"ccser2b",0.217070233480327,NA,NA
"978",30,"grid1b",-1.59921994071919,NA,NA
"979",30,"abca5",0.180902368864558,NA,NA
"980",30,"baiap2b",1.66602663974304,NA,NA
"981",30,"LOC111582683",-0.753178938064325,NA,NA
"982",30,"jmjd1cb",0.184658094456394,NA,NA
"983",30,"csnk1db",0.518312038581673,NA,NA
"984",30,"ca10a",0.686479992985956,NA,NA
"985",30,"mbtd1",0.785111923732697,NA,NA
"986",30,"LOC111571623",0.409302862292064,NA,NA
"987",30,"cacna1g",-0.400237953978898,NA,NA
"988",30,"tefa",0.111281793834505,NA,NA
"989",30,"vps35l",0.0684184052965793,NA,NA
"990",30,"grid2ipb",-0.0761314465548068,NA,NA
"991",30,"cpped1",0.6131832267254,NA,NA
"992",30,"mpp2b",-1.0005275370728,NA,NA
"993",30,"rnf40",-0.1485937528285,NA,NA
"994",30,"rab11fip3",0.593970465727455,NA,NA
"995",30,"si:ch73-103b11.2",0.760451259829493,NA,NA
"996",30,"atp6v0cb",-0.764931666846436,NA,NA
"997",30,"LOC111588188",0.145899326474998,NA,NA
"998",30,"lrrc4bb",0.319403402171422,NA,NA
"999",30,"LOC129347375",0.189800803928268,NA,NA
"1000",30,"nrg3b",-1.3793007378672,NA,NA
"1001",30,"atrnl1b",1.87651891330921,NA,NA
"1002",30,"LOC111566726",-0.967638176829365,NA,NA
"1003",30,"adkb",0.185288277012826,NA,NA
"1004",30,"sar1aa",0.159284051698116,NA,NA
"1005",30,"LOC111569350",1.9219293362939,NA,NA
"1006",30,"mmp21",0.187208445442021,NA,NA
"1007",30,"nrxn1a",0.578634271787317,NA,NA
"1008",30,"LOC111580268",-0.825814102295234,NA,NA
"1009",30,"timp2a",0.0336319701800334,NA,NA
"1010",30,"cbx1a",-0.0339891760789784,NA,NA
"1011",30,"LOC111566418",1.35212781752396,NA,NA
"1012",30,"caskin1",0.263031943675357,NA,NA
"1013",30,"LOC111568466",-1.28731718030316,NA,NA
"1014",30,"elof1",0.0662595220572383,NA,NA
"1015",30,"plppr2a",-0.512573846015133,NA,NA
"1016",30,"ilf3b",0.302550527187061,NA,NA
"1017",30,"wizb",0.254884759233305,NA,NA
"1018",30,"junbb",0.172972260998125,NA,NA
"1019",30,"LOC111568805",0.132359506714053,NA,NA
"1020",30,"LOC111568797",0.252360569886626,NA,NA
"1021",30,"LOC111568796",0.540157439551897,NA,NA
"1022",30,"zgc:65811",0.331652380834878,NA,NA
"1023",30,"grin2ba",1.52421037900672,NA,NA
"1024",30,"LOC111586910",0.315770492415141,NA,NA
"1025",30,"LOC111580807",2.02219011266747,NA,NA
"1026",30,"actb2",0.552161885564027,NA,NA
"1027",30,"smurf1",0.332802322893143,NA,NA
"1028",30,"LOC129347572",0.91144224927291,NA,NA
"1029",30,"rbfox1",1.28816717138285,NA,NA
"1030",30,"gps1",0.784311340534195,NA,NA
"1031",30,"LOC111562951",1.07848707550269,NA,NA
"1032",30,"doc2a",0.243247441002316,NA,NA
"1033",30,"rapgefl1",-2.05138438507042,NA,NA
"1034",30,"ift70",0.176517760896681,NA,NA
"1035",30,"plcl5",-0.580188273651543,NA,NA
"1036",30,"znf385c",-0.328883134382717,NA,NA
"1037",30,"LOC111584506",0.24842358444117,NA,NA
"1038",30,"vat1",1.03391772810813,NA,NA
"1039",30,"LOC129347511",-0.577757217484572,NA,NA
"1040",30,"cdk21",-0.631294285645641,NA,NA
"1041",30,"asic2",-1.37883446272593,NA,NA
"1042",30,"rusf1",0.167525267129841,NA,NA
"1043",30,"syt3",-0.15535261159783,NA,NA
"1044",30,"med25",0.0969629228402292,NA,NA
"1045",30,"lrrc4ba",-0.606661022746304,NA,NA
"1046",30,"tbc1d17",0.190392359415119,NA,NA
"1047",30,"bcat2",0.246360406096123,NA,NA
"1048",30,"unm-sa1261",0.177942000799544,NA,NA
"1049",30,"map2k4a",-0.452832029674078,NA,NA
"1050",30,"LOC111562889",-0.147955542095682,NA,NA
"1051",30,"stat3",0.214767797977927,NA,NA
"1052",30,"srcin1a",-0.619901112273132,NA,NA
"1053",30,"gpatch8",-1.68304572159326,NA,NA
"1054",30,"ttyh3a",1.00527289044525,NA,NA
"1055",30,"shisa9b",1.14040579542875,NA,NA
"1056",30,"olfm2a",0.428766094994597,NA,NA
"1057",30,"pbx4",0.64274361077239,NA,NA
"1058",30,"hid1a",0.629068120403531,NA,NA
"1059",30,"LOC111564614",0.901542761273395,NA,NA
"1060",30,"LOC111579432",0.539956725679347,NA,NA
"1061",30,"LOC111579455",-0.602249367856527,NA,NA
"1062",30,"mettl22",0.493917153239177,NA,NA
"1063",30,"ap2a1",1.48779994545637,NA,NA
"1064",30,"nbr1b",1.86528502238733,NA,NA
"1065",30,"fbxl16",1.60642370683536,NA,NA
"1066",30,"syngr3a",-1.2972866567386,NA,NA
"1067",30,"sez6l2",0.824777452086009,NA,NA
"1068",30,"mapk8ip3",0.863118916970764,NA,NA
"1069",30,"cacna1ha",-1.26554486451115,NA,NA
"1070",30,"usp7",-1.046039882076,NA,NA
"1071",30,"gprc5ba",0.634447969926365,NA,NA
"1072",30,"LOC111576171",0.963279448145724,NA,NA
"1073",30,"LOC111578192",0.0785233909383513,NA,NA
"1074",30,"fam20ca",-1.37266818863351,NA,NA
"1075",30,"pitpnc1a",0.46391838455383,NA,NA
"1076",30,"LOC111576174",0.208103182052605,NA,NA
"1077",30,"luc7l3",1.28258313824528,NA,NA
"1078",30,"cacna1aa",0.223064573526641,NA,NA
"1079",30,"abca3b",-0.656217972586807,NA,NA
"1080",30,"fosl2",1.14811150560477,NA,NA
"1081",30,"LOC111574422",0.0525851753082746,NA,NA
"1082",30,"calm1a",-0.427605670084503,NA,NA
"1083",30,"myt1lb",-0.213266412927044,NA,NA
"1084",30,"LOC111565013",-0.14998956939123,NA,NA
"1085",30,"gabrg1",0.502119072200143,NA,NA
"1086",30,"dtnbb",-3.5639114538254,NA,NA
"1087",30,"kif3cb",0.237628020277636,NA,NA
"1088",30,"ttbk2a",0.0747913646137341,NA,NA
"1089",30,"plppr3a",-0.395996214832384,NA,NA
"1090",30,"diras1b",-1.11667624023898,NA,NA
"1091",30,"theg",0.139501685881172,NA,NA
"1092",30,"hs6st1a",1.55491220625038,NA,NA
"1093",30,"LOC111571667",-0.730406367384413,NA,NA
"1094",30,"myo10l1",1.21093917007375,NA,NA
"1095",30,"meis2a",2.77211175743113,NA,NA
"1096",30,"luzp1",0.197979216906487,NA,NA
"1097",30,"LOC111586088",0.750566469788505,NA,NA
"1098",30,"rnf144aa",0.35042600080822,NA,NA
"1099",30,"mboat2a",0.405107601877116,NA,NA
"1100",30,"bahd1",-0.011780487701615,NA,NA
"1101",30,"rtn1a",-2.379054780992,NA,NA
"1102",30,"zfyve28",0.353124987247463,NA,NA
"1103",30,"ktn1",-1.883093860203,NA,NA
"1104",30,"LOC111562598",-0.146577080174009,NA,NA
"1105",30,"khdrbs1a",-1.01463584476256,NA,NA
"1106",30,"tfb1m",0.60666499758741,NA,NA
"1107",30,"LOC111569654",0.357861191093866,NA,NA
"1108",30,"qpct",-1.51100490293337,NA,NA
"1109",30,"LOC129347787",0.34020041018394,NA,NA
"1110",30,"LOC111581699",0.325365881221386,NA,NA
"1111",30,"syt14a",-0.795688512515212,NA,NA
"1112",30,"LOC111564080",0.127139401983794,NA,NA
"1113",30,"nrxn3a",-0.536225361544904,NA,NA
"1114",30,"pacs2",0.322537711646923,NA,NA
"1115",30,"rbm25a",0.359167315119098,NA,NA
"1116",30,"wdr32",0.0943072502982189,NA,NA
"1117",30,"ube2d3",-0.0483291881946955,NA,NA
"1118",30,"ap5s1",0.196303231285877,NA,NA
"1119",30,"gfra4a",-3.35675272409785,NA,NA
"1120",30,"slc4a11",0.0747075489088652,NA,NA
"1121",30,"mark3a",0.702282378248413,NA,NA
"1122",30,"LOC111569174",1.32968972468164,NA,NA
"1123",30,"LOC111569169",0.69923339281072,NA,NA
"1124",30,"kcnh5b",1.12052778774422,NA,NA
"1125",30,"sgpp1b",0.346343265848477,NA,NA
"1126",30,"LOC129347769",0.352644968465755,NA,NA
"1127",30,"mdga2a",2.0472845225901,NA,NA
"1128",30,"strn3",0.760294119892683,NA,NA
"1129",30,"foxg1a",1.1305910309645,NA,NA
"1130",30,"LOC111587344",2.04313480857769,NA,NA
"1131",30,"rpl18a",-0.535698402275932,NA,NA
"1132",30,"atp6v1f",-2.48487746222955,NA,NA
"1133",30,"drd4-rs",0.452982100379426,NA,NA
"1134",30,"LOC111585385",1.03969743956028,NA,NA
"1135",30,"dgki",2.64439562619813,NA,NA
"1136",30,"LOC111585036",0.788711492184904,NA,NA
"1137",30,"syt10",2.54144156401263,NA,NA
"1138",30,"syt1a",-0.153670715261227,NA,NA
"1139",30,"ppp1r12a",1.82446795390654,NA,NA
"1140",30,"atp6v1e1b",0.212838692463205,NA,NA
"1141",30,"grm8a",-3.66104392167322,NA,NA
"1142",30,"pphln1",0.0987215258246807,NA,NA
"1143",30,"pnpla8",0.0643596259795514,NA,NA
"1144",30,"dock4b",1.26473700798148,NA,NA
"1145",30,"LOC111565698",-1.73321033284576,NA,NA
"1146",30,"LOC111565695",0.405320076147017,NA,NA
"1147",30,"LOC111570178",-0.673900468555657,NA,NA
"1148",30,"LOC111589158",0.83962427458814,NA,NA
"1149",30,"tcp11l2",0.0811334620930439,NA,NA
"1150",30,"pcloa",0.501714790488196,NA,NA
"1151",30,"cpsf6",1.20249411933073,NA,NA
"1152",30,"napepld",0.126447886100781,NA,NA
"1153",30,"zgc:113263",-0.271656682147055,NA,NA
"1154",30,"tmtc1",2.31796150185271,NA,NA
"1155",30,"LOC111563581",2.07936006747226,NA,NA
"1156",30,"braf",-0.992886202576338,NA,NA
"1157",30,"mkrn1",0.31320551319917,NA,NA
"1158",30,"b2m",0.0384069660501525,NA,NA
"1159",30,"gdi2",-0.551097618715377,NA,NA
"1160",30,"chst11",-1.34790171205746,NA,NA
"1161",30,"nav3",1.88469727527425,NA,NA
"1162",30,"zdhhc17",-1.80981756451742,NA,NA
"1163",30,"LOC111571736",2.86001683739339,NA,NA
"1164",30,"gnsa",0.464119726107469,NA,NA
"1165",30,"atp5f1c",-0.21430896995834,NA,NA
"1166",30,"celf2",0.534098494430088,NA,NA
"1167",30,"vstm2a",0.864226263227963,NA,NA
"1168",30,"steap2",-0.583023672025711,NA,NA
"1169",30,"chchd7",-1.32749691946496,NA,NA
"1170",30,"arhgef4",-0.647138373885972,NA,NA
"1171",30,"tgfbr1b",1.22056470483051,NA,NA
"1172",30,"klf6a",-0.717551437070742,NA,NA
"1173",30,"gfod1",-0.408018068557192,NA,NA
"1174",30,"jcada",0.144018523975214,NA,NA
"1175",30,"LOC111578709",1.86205937137423,NA,NA
"1176",30,"mtmr6",0.109520588544626,NA,NA
"1177",30,"pip4k2aa",0.215406114353896,NA,NA
"1178",30,"zdhhc20b",0.164438325887644,NA,NA
"1179",30,"LOC129348022",1.49769405582422,NA,NA
"1180",30,"atp8a2",-0.309542473458078,NA,NA
"1181",30,"ctdspla",0.40011084943808,NA,NA
"1182",30,"csrnp1b",0.204497923478742,NA,NA
"1183",30,"ptprn2",-1.88572574823026,NA,NA
"1184",30,"LOC111584878",-0.0247175715435882,NA,NA
"1185",30,"asap1b",-0.20875113067318,NA,NA
"1186",30,"nrbp2b",-0.629837529983705,NA,NA
"1187",30,"tmem108",0.702513742189453,NA,NA
"1188",30,"LOC111569235",0.216165018926066,NA,NA
"1189",30,"gad2",0.106573581378124,NA,NA
"1190",30,"gpr158a",-2.47558016992744,NA,NA
"1191",30,"tnk2a",0.657512124726087,NA,NA
"1192",30,"sh3kbp1",1.90915045125061,NA,NA
"1193",30,"LOC111580141",-1.62660037226892,NA,NA
"1194",30,"msl2b",0.252079627913351,NA,NA
"1195",30,"rnf152",-1.36588725729799,NA,NA
"1196",30,"LOC111566279",-1.45819562060983,NA,NA
"1197",30,"LOC111565276",0.0114982275050884,NA,NA
"1198",30,"LOC111570644",1.33107508191154,NA,NA
"1199",30,"fars2",-1.0989174354529,NA,NA
"1200",30,"LOC111586948",0.173867859777799,NA,NA
"1201",30,"trpc5a",2.25569295717249,NA,NA
"1202",30,"LOC111583739",0.327179563116024,NA,NA
"1203",30,"zgc:77880",-1.69133648148022,NA,NA
"1204",30,"LOC111570899",-1.05674224333057,NA,NA
"1205",30,"LOC111583526",0.463530645016814,NA,NA
"1206",30,"ank2b",-0.620610420576649,NA,NA
"1207",30,"afap1",0.726731835921861,NA,NA
"1208",30,"nrxn2b",-0.836704600462255,NA,NA
"1209",30,"gigyf1a",0.811702001903931,NA,NA
"1210",30,"efnb3b",0.341834462519675,NA,NA
"1211",30,"kdm6ba",-0.0655729242081004,NA,NA
"1212",30,"ppp2r5b",-1.60545541819419,NA,NA
"1213",30,"ppp1r14bb",-3.08482668777993,NA,NA
"1214",30,"prox3",1.30215919977635,NA,NA
"1215",30,"LOC111578546",1.50116762777441,NA,NA
"1216",30,"LOC111573588",-0.982685586044314,NA,NA
"1217",30,"ccdc149a",0.431214872883161,NA,NA
"1218",30,"kcnip4a",0.0853120535794876,NA,NA
"1219",30,"LOC111564112",-1.34940955847827,NA,NA
"1220",30,"LOC111565690",0.0811334620930439,NA,NA
"1221",30,"mfsd8",-0.410959056219873,NA,NA
"1222",30,"sh3gl2b",-1.07978024113453,NA,NA
"1223",30,"LOC111576690",0.741852204376373,NA,NA
"1224",30,"LOC111576683",-0.655101709790075,NA,NA
"1225",30,"LOC111575354",0.647733056327001,NA,NA
"1226",30,"clcn3",-3.86582895957445,NA,NA
"1227",30,"adissp",0.158185605683612,NA,NA
"1228",30,"c23h4orf48",-0.693325817051896,NA,NA
"1229",30,"nat8l",1.13715852490076,NA,NA
"1230",30,"LOC129348102",-0.3503058482691,NA,NA
"1231",30,"dnajc3b",0.418311425246946,NA,NA
"1232",30,"chd3",-1.715235749445,NA,NA
"1233",30,"rbpjb",0.242635846156816,NA,NA
"1234",30,"pcdh7b",3.8933458089643,NA,NA
"1235",30,"rtn3",0.082150563456801,NA,NA
"1236",30,"rce1a",0.377361201363183,NA,NA
"1237",30,"ehbp1l1a",0.69317320385006,NA,NA
"1238",30,"htr2cl1",3.86811557255128,NA,NA
"1239",30,"si:dkey-172j4.3",-0.382107857881836,NA,NA
"1240",30,"si:ch211-200p22.4",0.268183218064329,NA,NA
"1241",30,"LOC111575125",-1.35393502975839,NA,NA
"1242",30,"LOC111573292",0.258363864116739,NA,NA
"1243",30,"kcnh7",1.24834317435087,NA,NA
"1244",30,"LOC111577534",-0.367791160169455,NA,NA
"1245",30,"scn1lab",-0.157870929671269,NA,NA
"1246",30,"LOC111565864",0.439049666811994,NA,NA
"1247",30,"appa",-0.480635692680832,NA,NA
"1248",30,"LOC111575440",0.916265456667206,NA,NA
"1249",30,"LOC111575429",2.10003407264094,NA,NA
"1250",30,"il1rapl1b",1.47824005064526,NA,NA
"1251",30,"LOC111562844",1.69969353150641,NA,NA
"1252",30,"LOC111581150",0.0792804268713797,NA,NA
"1253",30,"LOC111580292",-0.226807651052391,NA,NA
"1254",30,"LOC111587764",0.156092341867836,NA,NA
"1255",30,"LOC111587753",0.0288926662493758,NA,NA
"1256",30,"LOC111565647",1.79510841167949,NA,NA
"1257",30,"LOC111571822",1.70341749882173,NA,NA
"1258",30,"LOC111571821",-1.21927852489522,NA,NA
"1259",30,"tns1a",-3.67392230488193,NA,NA
"1260",30,"stk11ip",-0.892571679513511,NA,NA
"1261",30,"LOC111587271",0.216523928689108,NA,NA
"1262",30,"LOC111569301",0.999357433777802,NA,NA
"1263",30,"LOC111586848",-0.227866694481514,NA,NA
"1264",30,"arl4ca",0.369977817212711,NA,NA
"1265",30,"LOC118470731",1.90495024028447,NA,NA
"1266",30,"nlgn4xa",-0.376471324981555,NA,NA
"1267",30,"LOC129348407",0.41713171915828,NA,NA
"1268",30,"dclre1c",0.0930351590687107,NA,NA
"1269",30,"psmb2",-0.35564655616378,NA,NA
"1270",30,"LOC111586842",-0.15777695142519,NA,NA
"1271",30,"LOC129348487",0.187487915648598,NA,NA
"1272",30,"LOC129348521",0.363658454428653,NA,NA
"1273",30,"KEG47-r02",-4.07122290517475,NA,NA
"1274",30,"KEG47-r01",-2.91861116307335,NA,NA
"1275",30,"KEG47-p13",-2.31107831830801,NA,NA
"1276",30,"KEG47-p10",-4.09876907753868,NA,NA
"1277",30,"KEG47-p09",-0.112773102459564,NA,NA
"1278",30,"KEG47-p08",-3.77891142894865,NA,NA
"1279",30,"KEG47-p07",-3.27879112306039,NA,NA
