"","X","gene","av_p.value","warning","singular","av_q.value","f_m_p.value","d_m_p.value","d_f_p.value","f_m_estimate","d_m_estimate","d_f_estimate","cluster","full_label","first_word","second_word","short_label"
"2166",2166,"LOC111577263",1.1196533887604e-06,NA,FALSE,0.000127233339631863,0.918531293643249,8.35936292742367e-06,6.05314270618607e-05,-0.103241371580672,-1.19275729600179,-1.08951592442112,"1_0","Transiently downregulated, full rebound","Transiently","Downregulated","Transiently Downregulated"
"2591",2591,"mdkb",0.000129084145520994,NA,FALSE,0.0141075568875403,0.0170387454387888,0.48462988594061,9.53226211503067e-05,0.447492384783397,-0.182406121837042,-0.629898506620439,"1_0","Late upregulated_1","Late","Upregulated","Late Upregulated"
"4567",4567,"gli1",1.96367868182775e-05,NA,FALSE,0.00219405439310363,9.5465399268857e-05,0.991272073744195,5.18452459972174e-05,-0.745418370466886,-0.0184211587483647,0.726997211718521,"1_0","Late_downregulated_1","Late","Downregulated","Late Downregulated"
"6848",6848,"LOC129349419",1.48851330691172e-05,NA,FALSE,0.00168193594001324,0.0484814647121562,0.040641490945867,7.33953317144653e-06,0.503817391521841,-0.547360880740791,-1.05117827226263,"1_0","Transiently downregulated, high rebound","Transiently","Downregulated","Transiently Downregulated"
"12826",12826,"LOC111565089",0.000439948704816772,NA,FALSE,0.0460679272059447,0.00059015231085191,0.110257647308723,0.042906641760647,1.76723474551636,0.97269375785841,-0.794540987657947,"1_0","Late upregulated_1","Late","Upregulated","Late Upregulated"
"2055",2055,"sema3ab",1.1805824551906e-06,NA,FALSE,0.00011337904199803,4.08650187888604e-05,0.69715124870435,9.27635586678299e-07,-1.17007960119957,0.165435792458411,1.33551539365798,"1_1","Late_downregulated_1","Late","Downregulated","Late Downregulated"
"2240",2240,"LOC111577263",0.000443663374411099,NA,FALSE,0.0400477600455547,0.574019444061598,0.0123713773405937,0.000380284383017737,0.423187827201806,-1.26748125598208,-1.69066908318389,"1_1","Transiently downregulated, full rebound","Transiently","Downregulated","Transiently Downregulated"
"2705",2705,"LOC111587547",0.000115775418796717,NA,FALSE,0.0109192314266034,0.0127251627353355,0.21250010877387,6.35196703090424e-05,-1.41952286841356,0.629799488863937,2.0493223572775,"1_1","Late_downregulated_1","Late","Downregulated","Late Downregulated"
"5951",5951,"LOC111583974",2.37867268065784e-05,NA,FALSE,0.00227401108270889,0.000490026268182953,0.779635329271709,2.55995028667355e-05,-1.34614672125594,0.203183095115195,1.54932981637114,"1_1","Late_downregulated_1","Late","Downregulated","Late Downregulated"
"9765",9765,"mpz",8.50244310063054e-05,NA,FALSE,0.00805510735551628,0.00208671685241335,0.000303460565964198,0.844202830097634,-1.64816137567129,-1.94201566013,-0.293854284458711,"1_1","Early downregulated, no rebound","Early","Downregulated","Early Downregulated"
"10126",10126,"wdfy2",0.000430406009622387,NA,FALSE,0.0390185310102502,0.0186522534600371,0.69902462736865,0.000723965287055317,0.660573269249896,-0.218269295962308,-0.878842565212204,"1_1","Late upregulated_1","Late","Upregulated","Late Upregulated"
"13670",13670,"col16a1",0.000166272546030449,NA,FALSE,0.0155424186138329,0.00724879437986492,0.926388566343832,0.00155953903713735,1.76110038035801,-0.273693142995047,-2.03479352335306,"1_1","Late upregulated_1","Late","Upregulated","Late Upregulated"
"13798",13798,"LOC111573403",0.000123473624413865,NA,FALSE,0.0115932913780018,0.10188436935618,0.0685567394716965,8.17469773647383e-05,-0.788356203991509,0.734020045083995,1.5223762490755,"1_1","Transiently weakly upregulated","Transiently","Upregulated","Transiently Upregulated"
"20585",20585,"LOC111579475",0.000227007227729777,NA,FALSE,0.0210326696634919,0.206241293155408,0.059804733106341,0.000125014874446383,0.309179817271892,-0.438934370772025,-0.748114188043917,"1_1","Late upregulated_2","Late","Upregulated","Late Upregulated"
"9391",9391,"igsf3",1.00091811246579e-10,NA,FALSE,1.53450279194457e-08,0.0165752506659249,0.0426577116309632,7.05198233141857e-10,0.173449647490784,-0.107698753448329,-0.281148400939113,"1_2","Transiently downregulated, high rebound","Transiently","Downregulated","Transiently Downregulated"
"10735",10735,"sparc",0.000152910681628933,NA,FALSE,0.0228974855583419,0.00373574145650157,0.722188274754047,0.00010010043076758,-0.964861203744132,0.18242632109532,1.14728752483945,"1_2","Late_downregulated_1","Late","Downregulated","Late Downregulated"
"10814",10814,"lingo2",0.000138870897253565,NA,FALSE,0.0209575712675556,0.0166899510618206,7.52998093915824e-05,0.180647439078141,0.640439802115268,0.967420824515084,0.326981022399816,"1_2","Early upregulated, no rebound","Early","Upregulated","Early Upregulated"
"2213",2213,"LOC111577263",3.91694522146775e-08,NA,FALSE,4.7660007003565e-06,0.193746959832076,0.000290043927051675,2.93026305442368e-08,0.373566875564712,-0.863668393724496,-1.23723526928921,"1_3","Transiently downregulated, full rebound","Transiently","Downregulated","Transiently Downregulated"
"7424",7424,"LOC111574181",0.000273094355240558,NA,FALSE,0.0326529291222598,0.898631919449647,0.00234905739968005,0.00613135543344623,0.22747908267212,1.47384446609554,1.24636538342342,"1_3","Transiently upregulated, full rebound","Transiently","Upregulated","Transiently Upregulated"
"10113",10113,"b3galt1b",7.73125976917065e-62,NA,FALSE,1.02513530977753e-59,0.4502441198385,0,2.83106871279415e-14,0.0663322822941514,0.493540952030056,0.427208669735904,"1_3","Transiently upregulated, full rebound","Transiently","Upregulated","Transiently Upregulated"
"1892",1892,"LOC111577263",7.86053987751963e-05,NA,FALSE,0.00805568235006038,0.0196354808488471,0.205902929688582,0.000104440169568121,1.75417030326788,-1.37522587895457,-3.12939618222244,"1_4","Late upregulated_1","Late","Upregulated","Late Upregulated"
"16156",16156,"arhgap12b",1.86165024431692e-34,NA,FALSE,1.98880659736814e-32,0.00099420776749648,1.00786935464114e-08,2.59792187762287e-14,-0.313171416849033,0.365449651654836,0.67862106850387,"1_4","Transiently upregulated, high rebound","Transiently","Upregulated","Transiently Upregulated"
"3337",3337,"LOC129348940",2.37178429636216e-84,NA,FALSE,3.07107184669124e-82,0.468542442090591,0,0.975964908081196,-1.27894974201224,-1.05031222492652,0.228637517085716,"1_5","Early downregulated, reduced rebound","Early","Downregulated","Early Downregulated"
