Cell	sub.cluster
T5D_AAACAGCCACACAATT-1	10
T5D_AAACAGCCAGTATGTT-1	4
T5D_AAACATGCAACTCGCG-1	17
T5D_AAACCAACATATAACC-1	5
T5D_AAACCGAAGGAGGCAT-1	7
T5D_AAACCGCGTGTGCACG-1	7
T5D_AAACGGATCATTAGCA-1	8
T5D_AAACGTACAATAATGG-1	9
T5D_AAAGCAAGTCATAGAT-1	0
T5D_AAAGCCCGTTGTAACG-1	0
T5D_AAAGCGGGTGGCTTCC-1	1
T5D_AAAGGACGTTACCTGT-1	4
T5D_AAATCCGGTGAGCACT-1	7
T5D_AAATGGCCAATTAAGG-1	16
T5D_AACAAAGGTTGCAATG-1	17
T5D_AACAAGCCATCACAGC-1	1
T5D_AACAGCAAGCCTGGTA-1	13
T5D_AACAGGATCATGCTCC-1	10
T5D_AACAGGATCGTAACGT-1	7
T5D_AACATCATCTGGTCCT-1	25
T5D_AACCGCTCAGCCTGCA-1	1
T5D_AACCTCACATAAGTCT-1	15
T5D_AACCTCCTCATTACGA-1	13
T5D_AACCTTAAGATTGAGG-1	12
T5D_AACCTTAAGTTAGACC-1	15
T5D_AACGCTAGTCCTTCAG-1	5
T5D_AACTACTCAGGTTATT-1	8
T5D_AACTAGCTCCTCACAC-1	2
T5D_AACTAGCTCGGGCCAT-1	13
T5D_AACTAGTGTACAAAGA-1	9
T5D_AACTAGTGTATTACCC-1	2
T5D_AACTAGTGTTCATCTA-1	6_0
T5D_AAGAATCAGACACTTA-1	9
T5D_AAGAATCAGCATTTCT-1	2
T5D_AAGACAAGTATTGGTG-1	1
T5D_AAGACAAGTGCTGTAA-1	11
T5D_AAGACAAGTTTAAAGC-1	15
T5D_AAGACATAGCCGCTTT-1	6_1
T5D_AAGCCTCCAACTAACT-1	10
T5D_AAGCCTCCAGGCCTTG-1	11
T5D_AAGCCTCCAGTTAGCC-1	0
T5D_AAGCCTGTCATAACGC-1	6_1
T5D_AAGCCTTAGGTTACGT-1	1
T5D_AAGCGAATCACTAAGC-1	7
T5D_AAGCGAATCTGCAAAC-1	6_0
T5D_AAGCGAGGTTTGTCTA-1	13
T5D_AAGCTCCCAGCACGAA-1	16
T5D_AAGGATCCACTTCACT-1	22
T5D_AAGGTCAAGGTCCACA-1	1
T5D_AAGTAGCCAGGATAAC-1	13
T5D_AAGTGCAAGCAAGACA-1	6_1
T5D_AATAACCGTTATGTGG-1	1
T5D_AATACCGGTGGGTGAA-1	0
T5D_AATAGAGGTTCCAGGG-1	9
T5D_AATCAGGAGCTCAATA-1	0
T5D_AATCAGGAGGAAGTAT-1	0
T5D_AATCATCCAGGCATCT-1	11
T5D_AATCCATCAACCCTCC-1	2
T5D_AATCCATCATCATGTG-1	1
T5D_AATCCTAAGGCTACAT-1	4
T5D_AATCCTAAGGGACCTC-1	7
T5D_AATCGCCCAAGGTAAC-1	1
T5D_AATCTTGAGGGACCTC-1	4
T5D_AATGCATGTAACGTGC-1	19
T5D_AATGCGCGTGGACATC-1	4
T5D_AATGGCGCAAGTCGCT-1	20
T5D_AATGTCATCATGTGGT-1	2
T5D_AATGTCCAGTATGTGC-1	0
T5D_AATTAGCGTATTGAGT-1	11
T5D_AATTAGGCAGCCAGTT-1	5
T5D_AATTAGGCATGACTAT-1	2
T5D_AATTGACGTACCGGAT-1	12
T5D_AATTGACGTGTTGTGA-1	8
T5D_AATTGCTCAACTAGCC-1	0
T5D_AATTGCTCAATTAGGA-1	0
T5D_AATTGCTCATGTGGGA-1	0
T5D_AATTGGGAGCCATCAG-1	3
T5D_AATTGGGAGTAAACCC-1	3
T5D_AATTGGGAGTTCCCGT-1	4
T5D_AATTTGGTCGCTATGG-1	1
T5D_ACAAAGGTCATGCTAA-1	3
T5D_ACAACATGTACCGTTT-1	0
T5D_ACACAATGTCACGAAC-1	0
T5D_ACACGGACACACTAAT-1	22
T5D_ACACGGACAGTAAGTA-1	21
T5D_ACACTAATCCTAATTC-1	5
T5D_ACACTTAAGCCTCTCG-1	1
T5D_ACACTTAAGGAGGACT-1	2
T5D_ACAGCGCTCGGTTTGG-1	13
T5D_ACAGGATCAAGACTCC-1	18
T5D_ACAGGATCATAATCGT-1	0
T5D_ACAGGCTGTCTCAGCC-1	0
T5D_ACAGGTAAGGGCTTTG-1	5
T5D_ACATCAATCCGCCTAT-1	12
T5D_ACATCATCAGGTTAAA-1	10
T5D_ACATTAGTCAGTATTG-1	20
T5D_ACCAAACTCAGGGCCT-1	0
T5D_ACCAAGCGTACGCGCA-1	13
T5D_ACCAAGCGTTAGCTGA-1	9
T5D_ACCAAGTTCGTACCGA-1	5
T5D_ACCAATATCATAACCA-1	12
T5D_ACCAATATCTTGCTAT-1	0
T5D_ACCACATAGATAAAGC-1	17
T5D_ACCAGCTCAGTAGGAT-1	0
T5D_ACCAGGCTCAAGCCTG-1	0
T5D_ACCAGGCTCCACCTGT-1	8
T5D_ACCATAATCCAAACAC-1	0
T5D_ACCATAATCTATCGCC-1	7
T5D_ACCATAATCTTGGACG-1	2
T5D_ACCCGTAAGGTCGATT-1	13
T5D_ACCCTCCCATAATTGC-1	0
T5D_ACCGCAATCAGTTCCC-1	15
T5D_ACCGGTTCAATTATGC-1	0
T5D_ACCGGTTCAGAACCGA-1	10
T5D_ACCTAAGGTCTCACTG-1	18
T5D_ACCTAAGGTGCATTTC-1	12
T5D_ACCTAAGGTTATCCTA-1	1
T5D_ACCTCACTCAGGATGA-1	19
T5D_ACCTGGATCATGGCTG-1	1
T5D_ACCTGGATCCGGGACT-1	18
T5D_ACCTTCATCAGTGAAG-1	2
T5D_ACCTTCCAGTAAGAAC-1	8
T5D_ACCTTGTGTCATAGAT-1	15
T5D_ACGAAGTCAAGTAAGC-1	13
T5D_ACGAAGTCAGGTCCTG-1	1
T5D_ACGAGTAAGGGTCCAC-1	1
T5D_ACGCAAGCAGCAGGTA-1	3
T5D_ACGGGAAGTCATGCAA-1	6_1
T5D_ACGGTTAGTTCATCTA-1	0
T5D_ACGGTTAGTTTAAAGC-1	0
T5D_ACTAAAGCATGCTCCC-1	7
T5D_ACTAACGGTCCTTAGT-1	13
T5D_ACTATCCGTTGACTTC-1	18
T5D_ACTATGTCACCCTCAC-1	0
T5D_ACTATGTCAGAAATGC-1	2
T5D_ACTCACTGTATTGGAT-1	0
T5D_ACTCGCGCATCAATCG-1	0
T5D_ACTGAATGTATTACCC-1	10
T5D_ACTTAGTCAATTAACC-1	4
T5D_ACTTAGTCACTGGCCA-1	3
T5D_ACTTAGTCAGTTATCG-1	8
T5D_ACTTATGAGACTTACA-1	8
T5D_ACTTCGCTCGCTAAGT-1	4
T5D_ACTTCGCTCTCACAAA-1	0
T5D_ACTTGTAAGTGAACAG-1	5
T5D_ACTTGTCGTCAGGCAT-1	8
T5D_ACTTTGTTCCTAGTCC-1	14
T5D_AGAAAGGCAGGCCATT-1	7
T5D_AGAAAGGCAGTTGCGT-1	17
T5D_AGAACCAAGATAACCC-1	6_0
T5D_AGAACCAAGTTACCGG-1	1
T5D_AGAATCTGTTTACGTC-1	1
T5D_AGACACGCAAAGGTAC-1	19
T5D_AGACACGCATCTAGCA-1	0
T5D_AGAGAGGAGCCGCTTT-1	0
T5D_AGAGGATGTGAGGTGA-1	1
T5D_AGATGCTTCACACAGT-1	19
T5D_AGATGCTTCCTTGTTG-1	6_1
T5D_AGCAACAAGGACTTAC-1	2
T5D_AGCAATTGTGTTTGAG-1	17
T5D_AGCACAGCACAATGCC-1	11
T5D_AGCAGGTAGTTAGCCG-1	12
T5D_AGCATCCCACTCAACA-1	6_2
T5D_AGCATCCCATTGTCAG-1	0
T5D_AGCATTTCACCTGTAA-1	0
T5D_AGCCAGTGTCTATCGT-1	12
T5D_AGCCGCTAGACTCGCA-1	9
T5D_AGCCGCTAGGCCAATT-1	0
T5D_AGCCTCCGTAGGTTAT-1	24
T5D_AGCGGATAGTGAGAGC-1	0
T5D_AGCGTGCTCCAATAGC-1	2
T5D_AGCGTGCTCGCCTGTT-1	5
T5D_AGCTAAACAGTTTGTG-1	7
T5D_AGCTAGTTCACAGACT-1	19
T5D_AGCTGCTCATAAACCT-1	1
T5D_AGCTTCCTCTATGACA-1	0
T5D_AGCTTTAAGGTTTGAC-1	7
T5D_AGGAAACGTCACACCC-1	1
T5D_AGGAACCAGTAGCTTA-1	5
T5D_AGGAACGGTCTAGCTT-1	8
T5D_AGGACGTAGGATTGCT-1	12
T5D_AGGACTAAGTTAGAGG-1	23
T5D_AGGAGCTAGGATTGAG-1	0
T5D_AGGATCCGTTAGTTGG-1	4
T5D_AGGATTGAGATTCCTT-1	12
T5D_AGGATTGAGGCAACAA-1	6_2
T5D_AGGCAGGTCCTTGAGG-1	17
T5D_AGGCTAAAGTTTCCTG-1	17
T5D_AGGGCTACATATTGAC-1	10
T5D_AGGGCTACATTCAGCA-1	0
T5D_AGGGTTGCAGTAATAG-1	0
T5D_AGGGTTGCATATAACC-1	24
T5D_AGGTAACCAGGTTCAC-1	3
T5D_AGGTACGCAGGGAGCT-1	10
T5D_AGGTATTGTACAATGT-1	0
T5D_AGGTATTGTGGATTGC-1	1
T5D_AGGTCAAAGGCTAGAA-1	7
T5D_AGGTCTTAGCTCCTTA-1	6_1
T5D_AGGTCTTAGGCACAGG-1	7
T5D_AGGTCTTAGGGCTTTG-1	5
T5D_AGGTTACTCTCACTCA-1	18
T5D_AGGTTAGAGCAATAGG-1	0
T5D_AGGTTTATCGGCTATG-1	17
T5D_AGTAAACAGCCGCTTT-1	8
T5D_AGTAATGCAGAAACGT-1	9
T5D_AGTAGGATCATTTGCT-1	3
T5D_AGTAGGATCTGTTCAT-1	3
T5D_AGTCAAGAGCACTAAC-1	16
T5D_AGTCAAGAGGATAAAC-1	4
T5D_AGTCAATGTCATTACC-1	5
T5D_AGTCAGGCAATTAACC-1	19
T5D_AGTCCTTGTAGACAAA-1	16
T5D_AGTCCTTGTTTGGGCG-1	0
T5D_AGTCGCATCAGGGCCT-1	1
T5D_AGTCTTGCAAATACCT-1	8
T5D_AGTGATGAGGTTACGT-1	2
T5D_AGTGATGAGTAGCGCC-1	2
T5D_AGTGCACGTCCTAGTT-1	3
T5D_AGTGCCGGTTTGGGCG-1	9
T5D_AGTGCGGAGCGTGCAC-1	0
T5D_AGTGTGGCAAGGTAAC-1	9
T5D_AGTGTGGCAATAGCAA-1	7
T5D_AGTGTTTCACTCAACA-1	1
T5D_AGTTACTCAAACCTAT-1	0
T5D_AGTTACTCACCATATG-1	0
T5D_AGTTATGTCCTCCTAA-1	0
T5D_ATAACGACAGTTATGT-1	17
T5D_ATAAGTCGTTTGGCGG-1	0
T5D_ATAGATGCACAGCCTG-1	8
T5D_ATAGATGCATGTTGTG-1	8
T5D_ATAGCATGTGCAATAT-1	1
T5D_ATAGGTACAACCCTAA-1	2
T5D_ATATAGGCAATTGACT-1	9
T5D_ATATGCTCATCTAGCA-1	7
T5D_ATATGGTGTTAGGTTG-1	5
T5D_ATATGTCCACAAAGCG-1	5
T5D_ATCAATCCAGATTCAT-1	1
T5D_ATCACAATCGCAACAT-1	17
T5D_ATCACAATCTTAGTCT-1	16
T5D_ATCATGTCAGGGAGGA-1	8
T5D_ATCCAACAGTAGCCAT-1	0
T5D_ATCCACCTCCTAGTCC-1	0
T5D_ATCCTCATCGCAAACT-1	0
T5D_ATCGAGGCAACAGGAT-1	3
T5D_ATCGCCCGTGATCAGC-1	9
T5D_ATCGCTTGTTTATCGC-1	4
T5D_ATGAAGTAGACACCGC-1	15
T5D_ATGAAGTAGGATGATG-1	0
T5D_ATGAATGCATGGCCTG-1	13
T5D_ATGACGAAGAGAAGGG-1	14
T5D_ATGACGAAGCATGGTT-1	0
T5D_ATGACGAAGTCTTGAA-1	9
T5D_ATGACTCAGAACCTGT-1	0
T5D_ATGACTCAGGTCGATT-1	20
T5D_ATGCAGGCAGTCTAAT-1	18
T5D_ATGCATTCATTAAGTC-1	0
T5D_ATGCCTGAGTGAGAGC-1	8
T5D_ATGGACAAGCAGGTTT-1	2
T5D_ATGGCCCAGCTGCACA-1	0
T5D_ATGGCCCAGGGCTTAT-1	1
T5D_ATGGCTGTCTCATCAT-1	2
T5D_ATGGCTTAGCCTAATA-1	19
T5D_ATGGCTTAGCGTGCGT-1	16
T5D_ATGGTGCGTTGGCGTG-1	11
T5D_ATGTAAGCATAATGTC-1	20
T5D_ATGTCCACACACTAAT-1	13
T5D_ATGTCCACACATTAAC-1	19
T5D_ATGTCCACATTAAGCT-1	5
T5D_ATGTCCACATTAGCCA-1	1
T5D_ATGTGAGAGCTAAGTC-1	0
T5D_ATGTTGTCATGAAGTA-1	0
T5D_ATTACCGCATGAGTTT-1	0
T5D_ATTAGGTGTGCCGCAA-1	0
T5D_ATTATCCTCGAGGTGG-1	0
T5D_ATTCAACCAATGCCCG-1	5
T5D_ATTCAACCACATAGCC-1	18
T5D_ATTCACTTCCCGCCTA-1	0
T5D_ATTCCTCCAACACTTG-1	0
T5D_ATTCCTCCACCAGGTT-1	1
T5D_ATTGACTCACGTTACA-1	17
T5D_ATTGACTCAGAGGGAG-1	4
T5D_ATTGACTCAGCTCATA-1	0
T5D_ATTGACTCATTAGGCC-1	11
T5D_ATTGCTCGTTGCACGG-1	0
T5D_ATTGGCTAGCTGTACG-1	2
T5D_ATTGTCCGTTCGGTAA-1	18
T5D_ATTGTGATCAAGCGCC-1	2
T5D_ATTGTGATCCTGATTT-1	6_3
T5D_ATTTAGCCATGTCAGC-1	10
T5D_ATTTGCGCACTCGCTC-1	10
T5D_ATTTGTGAGGGCTTAT-1	25
T5D_CAAACATGTCCAAGAC-1	12
T5D_CAAACCGTCACGAATC-1	18
T5D_CAAACGCGTGCTCCGT-1	2
T5D_CAAACTGGTGAGGTGA-1	0
T5D_CAAAGCGCAAGGTGGC-1	15
T5D_CAAAGCGCACTGGCCA-1	1
T5D_CAAAGTGAGGAATAAC-1	2
T5D_CAAAGTGAGGCTACTG-1	11
T5D_CAACAATGTCTTTATG-1	8
T5D_CAACCCGCAATACTGT-1	9
T5D_CAACCCTTCTAGCGAT-1	6_0
T5D_CAAGAACCAGCAAGGC-1	8
T5D_CAAGACAAGTTATTCC-1	1
T5D_CAAGGTTTCAATGACC-1	5
T5D_CAAGGTTTCCCTGGTT-1	22
T5D_CAAGTAACATTGCGTA-1	7
T5D_CAAGTATGTAGTAAGA-1	0
T5D_CAATAAGCACAGACTC-1	4
T5D_CAATAAGCACGTAAGG-1	0
T5D_CAATAGCTCACACAGT-1	9
T5D_CAATAGCTCCTCATGC-1	17
T5D_CAATCCTGTCACAAAT-1	26
T5D_CAATGTCAGCTGGAAA-1	3
T5D_CAATGTCAGGTGAAGC-1	17
T5D_CACAGGCTCTCAATAG-1	1
T5D_CACAGGGAGGAGTCGG-1	1
T5D_CACATAATCTAAGTGC-1	3
T5D_CACATTAAGCACGATT-1	3
T5D_CACCAACCAGTTATGT-1	10
T5D_CACCTGTTCGTTATAG-1	24
T5D_CACGCAATCCCGAACA-1	2
T5D_CACTAGCCAAGGTAAC-1	0
T5D_CACTGACCATTAGCGC-1	2
T5D_CAGAACCGTTAACGGC-1	7
T5D_CAGATTCAGCTCCCTG-1	0
T5D_CAGCAAGCAAGGAATC-1	7
T5D_CAGCAAGCAGCTTACA-1	3
T5D_CAGCATGTCATGTTTC-1	0
T5D_CAGCATTAGACACTTA-1	10
T5D_CAGCCAATCATTAGGC-1	6_0
T5D_CAGCTAAGTATACTGG-1	8
T5D_CAGCTATAGCGAGTAA-1	4
T5D_CAGGAAGGTTGCATCT-1	0
T5D_CAGGCTATCCCTCGCA-1	23
T5D_CAGGCTATCCTCGATC-1	19
T5D_CAGGCTGGTGCTCCAC-1	17
T5D_CAGGGCTTCCTCAGCT-1	5
T5D_CAGGTCCAGGTGAGAC-1	5
T5D_CAGGTTTAGTTATCTC-1	0
T5D_CAGTACCCAACGTGCT-1	4
T5D_CAGTACCCACTTAGGC-1	2
T5D_CAGTATGGTTTGCAGA-1	0
T5D_CATAATCCATCGCTCC-1	19
T5D_CATAGCTAGCCTTAAA-1	3
T5D_CATAGCTAGCGGTTAT-1	2
T5D_CATCAGCCAGGAACAT-1	8
T5D_CATCCCAGTATTACCC-1	3
T5D_CATCCTCAGGAAGCAC-1	3
T5D_CATCGCTTCGACAAAG-1	7
T5D_CATCGCTTCGTTTCTG-1	3
T5D_CATGAGGCAAAGCTCC-1	0
T5D_CATGAGGCAGCAGGTA-1	4
T5D_CATGCGCAGGCAAGTA-1	14
T5D_CATGGATTCTATCGCC-1	2
T5D_CATGGCGGTTTGTGGA-1	1
T5D_CATTCCTCATAGCGAG-1	9
T5D_CATTGCGAGCTCAAAC-1	0
T5D_CATTGTAAGTCTCACC-1	2
T5D_CCAAACCCATTAAACC-1	8
T5D_CCAAATCAGGAGGCAT-1	1
T5D_CCAACATAGTAACGGA-1	4
T5D_CCAACCCGTCATGAGC-1	10
T5D_CCAACCCGTTGGCCGA-1	0
T5D_CCAAGTTAGAGGAGGA-1	7
T5D_CCACAGGGTCAAAGGG-1	9
T5D_CCAGACTCAAGGATTA-1	19
T5D_CCAGACTCACCTAAGC-1	4
T5D_CCAGACTCAGAATGAC-1	0
T5D_CCAGACTCAGCATGAG-1	1
T5D_CCAGCTAAGGACAATG-1	18
T5D_CCAGCTGCAGCCGCTA-1	0
T5D_CCAGCTGCATGAGTTT-1	15
T5D_CCAGGAACAGAGGCTA-1	1
T5D_CCAGGAACAGTCTAAT-1	5
T5D_CCATAAATCTTAGGAC-1	1
T5D_CCATAATCAATATAGG-1	10
T5D_CCATATTTCGCATCCT-1	2
T5D_CCATATTTCGCTATGG-1	13
T5D_CCATCATGTTGGTTCT-1	6_0
T5D_CCCAACCGTTAGACCA-1	16
T5D_CCCAGTTTCTTTAGGA-1	12
T5D_CCCGTAAAGGTGAAAT-1	10
T5D_CCCTCACCAACAGGAT-1	0
T5D_CCCTCACCACCATATG-1	1
T5D_CCCTTAATCAATGAGG-1	24
T5D_CCGATGCAGAGAAGGG-1	0
T5D_CCGCAAATCATGTTTC-1	0
T5D_CCGCAAATCATTGCAA-1	20
T5D_CCGCAAATCGAGGTGG-1	9
T5D_CCGCAAATCTAGCGTG-1	8
T5D_CCGCACACAGCATGGA-1	10
T5D_CCGCCAACAGGCAAGC-1	21
T5D_CCGCTAGCACCCACCT-1	0
T5D_CCGCTAGCAGCACGTT-1	0
T5D_CCGCTAGCATTAAGCT-1	13
T5D_CCGGTTAAGCGCCTTT-1	14
T5D_CCGTTAACAATATAGG-1	20
T5D_CCGTTGCGTAGGATCC-1	2
T5D_CCGTTGCGTAGGTTGC-1	16
T5D_CCTAAATCAATTAGCT-1	8
T5D_CCTAAATCAGCACCAT-1	1
T5D_CCTAAGGTCAAAGGCA-1	2
T5D_CCTAATCGTCTCAGCC-1	2
T5D_CCTACTGGTTCATCTA-1	3
T5D_CCTACTTCAAGACTCC-1	22
T5D_CCTATAGCAAGCCAGA-1	16
T5D_CCTATAGCATAATTGC-1	0
T5D_CCTATATTCCGCAACA-1	0
T5D_CCTATATTCTTCAATC-1	8
T5D_CCTATTTAGTGAACCT-1	0
T5D_CCTCAAACATTGCAGC-1	2
T5D_CCTCAATGTGTGTGGT-1	23
T5D_CCTCCTCTCTTTAAGG-1	0
T5D_CCTCCTGAGCTGTCAG-1	0
T5D_CCTCCTGAGTCATTGA-1	17
T5D_CCTGAATAGCTTAACA-1	23
T5D_CCTGAATAGGAACCAA-1	13
T5D_CCTGAATAGGAGGCAT-1	22
T5D_CCTGACTTCATGGTTA-1	12
T5D_CCTGACTTCCCATAAA-1	2
T5D_CCTGACTTCTTGCAGG-1	1
T5D_CCTGCTCCACATGCTA-1	19
T5D_CCTGGTAAGCTGAGGG-1	0
T5D_CCTGGTAAGGCCCAGT-1	2
T5D_CCTGTAACACCCACAG-1	3
T5D_CCTGTAACATTATGAC-1	0
T5D_CCTTAACGTCCCGAAG-1	14
T5D_CCTTAACGTTTGTTGC-1	12
T5D_CCTTAGTGTAGCTGCG-1	13
T5D_CCTTAGTGTCATTAGG-1	14
T5D_CCTTAGTGTTAGGTTG-1	8
T5D_CCTTCAGGTCAAGTGC-1	15
T5D_CCTTCAGGTCGCAAAC-1	0
T5D_CCTTCAGGTTGACTTC-1	2
T5D_CCTTTAGTCGGGACCT-1	2
T5D_CGAAATGAGTACCGCA-1	8
T5D_CGAAATGAGTGAGCAA-1	0
T5D_CGAACAAAGGTAAGCA-1	4
T5D_CGAACAAAGTTATCTC-1	0
T5D_CGAAGCCTCCACCTGT-1	1
T5D_CGAAGGCCAACACTTG-1	6_2
T5D_CGAATATGTGATTACG-1	9
T5D_CGAATCTAGGATTTGC-1	1
T5D_CGAATCTAGGTACCGC-1	13
T5D_CGACAAGCAACTAACT-1	4
T5D_CGACAAGCATTAGCCA-1	5
T5D_CGACCTGCAACAGCCT-1	4
T5D_CGACTAAGTTGCACGG-1	0
T5D_CGACTAAGTTTATCGC-1	2
T5D_CGAGCTGGTATCTGGA-1	9
T5D_CGAGCTGGTGAGACTC-1	2
T5D_CGAGCTGGTGATGAAA-1	5
T5D_CGAGGCAAGATAACCC-1	25
T5D_CGAGGCAAGGTCGATT-1	1
T5D_CGAGTCGGTAAGGTCC-1	0
T5D_CGATATTCATTGCGGT-1	0
T5D_CGATTATCAAATACCT-1	4
T5D_CGATTGAGTAAAGCAA-1	3
T5D_CGATTGAGTCCCGGAA-1	2
T5D_CGATTTGCAGGTTCAC-1	0
T5D_CGCAAATTCAACAAGG-1	8
T5D_CGCAATCCAAACCTAT-1	1
T5D_CGCAATCCACAAGCCT-1	11
T5D_CGCACAATCGACAAAG-1	0
T5D_CGCACACAGCATGACT-1	5
T5D_CGCACACAGGCCTGGT-1	5
T5D_CGCACCACATTGCGAC-1	0
T5D_CGCCACACAATACTGT-1	1
T5D_CGCCTCATCGGTTAGT-1	4
T5D_CGCCTCATCTACTAAG-1	1
T5D_CGCTACTTCCGCATGA-1	0
T5D_CGCTCAGCATTCCTGT-1	0
T5D_CGCTCCATCCGTGACA-1	12
T5D_CGCTTACTCAGGCTAT-1	0
T5D_CGCTTGCGTAAGGTTT-1	1
T5D_CGGACAACAATCGCAC-1	0
T5D_CGGACAACATTGCGGT-1	0
T5D_CGGATAAAGACAAGTG-1	17
T5D_CGGCCATAGACAAACG-1	15
T5D_CGGCTAATCTTGGACG-1	9
T5D_CGGGACAAGAGAGCCG-1	0
T5D_CGGGACAAGCATGTCG-1	0
T5D_CGGGCTTAGGTCTTGG-1	0
T5D_CGGGCTTAGTCACTAA-1	0
T5D_CGGGTCTAGGTGCTGC-1	22
T5D_CGGTGAACAATAAGCA-1	0
T5D_CGGTGAACACAGCCAT-1	5
T5D_CGGTGAACATAGCGAG-1	0
T5D_CGGTTTCTCCTCATCA-1	8
T5D_CGTAACCCACGGTTTA-1	12
T5D_CGTAACCCAGGAACTG-1	9
T5D_CGTAACCCATTTAAGC-1	0
T5D_CGTACGGGTCTTGCAT-1	7
T5D_CGTAGCGGTGGGAACA-1	0
T5D_CGTATTGCATAAGTCT-1	19
T5D_CGTCAATAGCAATAGG-1	8
T5D_CGTCAATAGTGAGGTA-1	1
T5D_CGTCCTAGTGGATTCA-1	19
T5D_CGTGAGGAGCTGGCTA-1	17
T5D_CGTGAGGAGGCTAATC-1	10
T5D_CGTGCACAGGCAACAA-1	11
T5D_CGTGCTTTCTCACTCA-1	12
T5D_CGTGGTTCATTTAAGC-1	2
T5D_CGTGTTACATAAAGCA-1	9
T5D_CGTTAGGTCGTTTCCA-1	7
T5D_CGTTATTTCCTGGCTT-1	1
T5D_CGTTGCAAGTAACAGG-1	12
T5D_CGTTTCTCAATTTAGC-1	0
T5D_CGTTTGGAGCCTTAAA-1	18
T5D_CGTTTGGAGCGCCTTT-1	1
T5D_CTAAAGCTCAGGAAGC-1	0
T5D_CTAACCCTCTAACTGA-1	9
T5D_CTAAGGTTCCTGGTCT-1	0
T5D_CTAAGGTTCGGGACTC-1	0
T5D_CTAATAGTCCGTAAAC-1	18
T5D_CTAATCCGTTAGAGCC-1	6_3
T5D_CTAATGTCACGTTACA-1	0
T5D_CTAATTGAGCTTTGGG-1	1
T5D_CTACAACAGCACTTGG-1	17
T5D_CTACCGGCACTCGCTC-1	0
T5D_CTACCGGCAGTTAAAG-1	1
T5D_CTACTTAGTCGAAGTC-1	0
T5D_CTAGCTGAGTTGGCCA-1	12
T5D_CTAGCTTGTTAATGCG-1	7
T5D_CTAGGACGTAAGGTCC-1	0
T5D_CTAGTAATCATTACTC-1	13
T5D_CTAGTAATCTGCAAGT-1	9
T5D_CTAGTAGGTCATTACC-1	22
T5D_CTAGTTGCAAACGGGC-1	0
T5D_CTATAACCATTATGGT-1	10
T5D_CTATGACAGTAAGTCC-1	0
T5D_CTATGAGGTGTGTGGT-1	2
T5D_CTATGGCCATTGCGGT-1	0
T5D_CTCACAACATAGCAGG-1	0
T5D_CTCATGACAGCACGAA-1	6_0
T5D_CTCATGCTCCTCATCA-1	8
T5D_CTCATTAGTTACCGGG-1	0
T5D_CTCCTGAGTCCTTCTC-1	7
T5D_CTCCTGAGTCTTTGAC-1	13
T5D_CTCGACAAGCTCCCTG-1	0
T5D_CTCGCTCCAGTTATGT-1	23
T5D_CTCGTTATCAGGATGA-1	16
T5D_CTCTAGCTCCTGATTT-1	1
T5D_CTCTATGTCTGGCATG-1	4
T5D_CTGAAACTCACCTGCT-1	0
T5D_CTGAAACTCTAGCTTT-1	0
T5D_CTGACATAGTTTCCGC-1	5
T5D_CTGACCAAGCAACATC-1	6_1
T5D_CTGATCACATGTCAGC-1	2
T5D_CTGCAATAGACAGGTA-1	14
T5D_CTGCAATAGACTCGCA-1	15
T5D_CTGCTATGTGTTTCAC-1	17
T5D_CTGCTCCCACAAACTT-1	21
T5D_CTGGACCAGTTACCGG-1	0
T5D_CTGGCTAAGGCAATAG-1	1
T5D_CTGGTCAAGGAAGCAC-1	2
T5D_CTGTACCTCACGCATG-1	14
T5D_CTGTACCTCTACCTGC-1	13
T5D_CTGTTCATCGGCTATG-1	4
T5D_CTGTTGGAGGAACCAA-1	17
T5D_CTGTTTAGTTACCGGG-1	0
T5D_CTTACTAGTTGTTCAC-1	7
T5D_CTTAGGAGTGCTAGCG-1	16
T5D_CTTAGGAGTTAACACG-1	8
T5D_CTTCAAGCAGCAACAG-1	6_1
T5D_CTTCATCCATAATGAG-1	0
T5D_CTTCTAAGTCCGGTTC-1	4
T5D_CTTCTAAGTTGGTTCT-1	1
T5D_CTTCTCAAGCCTAACG-1	0
T5D_CTTGCATGTGGGAACA-1	8
T5D_CTTGCATGTTTACGTC-1	7
T5D_CTTGCGCGTAGGATCC-1	1
T5D_CTTGTTCCATAAACCT-1	1
T5D_CTTGTTTAGTCGCTAG-1	0
T5D_CTTTATGGTGTCCAAA-1	1
T5D_CTTTCTTGTATACTGG-1	24
T5D_CTTTGGGAGACACCGC-1	8
T5D_CTTTGGGAGGAAGCTA-1	15
T5D_CTTTGGTGTAGCAGCT-1	0
T5D_CTTTGTCCAACCCTAA-1	1
T5D_CTTTGTCCAATCCTAG-1	8
T5D_GAAACTGAGCGATAAG-1	22
T5D_GAAAGGCTCCGGTTAG-1	0
T5D_GAACCTGTCACTAGGT-1	0
T5D_GAACTTATCACACAGT-1	9
T5D_GAAGCCTGTCCGCTGT-1	25
T5D_GAAGTATAGCCTGTTC-1	1
T5D_GAAGTATAGTAAGTGG-1	2
T5D_GAAGTGATCCTCACAC-1	10
T5D_GAAGTGATCGTCCTTA-1	0
T5D_GACACCGGTCACAGAC-1	3
T5D_GACCTAGTCCACCTGT-1	15
T5D_GACCTGATCGTTATAG-1	2
T5D_GACCTGCAGCTGAGGG-1	0
T5D_GACTTGGTCTTGAGGT-1	1
T5D_GAGAAACGTCATGAGC-1	0
T5D_GAGAAACGTTGTTCAC-1	7
T5D_GAGATAAGTAAGCACC-1	0
T5D_GAGCATGCAATAAGCA-1	0
T5D_GAGCATGCAGAGAGCC-1	9
T5D_GAGCCACTCCCTCTAA-1	1
T5D_GAGCCTTCATAAACCT-1	13
T5D_GAGCGATAGCTCATAA-1	0
T5D_GAGCTTAGTTAGTGAT-1	0
T5D_GAGCTTGTCAACAAGG-1	2
T5D_GAGGAGGCAGAGAGCC-1	0
T5D_GAGGAGGCATCGCTTT-1	1
T5D_GAGGTTAAGGCTATGT-1	8
T5D_GAGGTTAAGGCTGGCT-1	11
T5D_GAGTAATAGACCATAC-1	1
T5D_GAGTCAAAGGAACCGG-1	3
T5D_GAGTGATCAAGGATTA-1	9
T5D_GAGTTACTCCTAGTCC-1	15
T5D_GAGTTTGGTCGAAGTC-1	0
T5D_GATAAAGGTTTGTGGA-1	0
T5D_GATAGACCACGTGCTG-1	23
T5D_GATAGACCAGCCGCTA-1	0
T5D_GATCAAGAGTCACTAA-1	6_0
T5D_GATCAAGAGTTACCGG-1	1
T5D_GATCACTAGGGATTAG-1	19
T5D_GATCACTAGGTAAGGC-1	18
T5D_GATCAGTTCATTAGGC-1	2
T5D_GATCCGTCAGCCAGAA-1	11
T5D_GATCGATTCACATTGA-1	8
T5D_GATCGATTCCAAGTTA-1	0
T5D_GATCGATTCGCCTGTT-1	0
T5D_GATGACTTCCTAAGAC-1	0
T5D_GATGCTTAGGCATGAA-1	0
T5D_GATGCTTAGTATTGTG-1	24
T5D_GATGGCTGTGCAATGC-1	4
T5D_GATTAAGCACAGGATG-1	12
T5D_GATTAGTGTACCGGAT-1	24
T5D_GATTAGTGTGGATTGC-1	0
T5D_GATTCAATCATCCTAT-1	6_1
T5D_GATTCAATCTAGCGAT-1	4
T5D_GATTCAATCTTGACCC-1	4
T5D_GATTCATCAATCCTGA-1	6_2
T5D_GATTCATCATCCTAGA-1	0
T5D_GATTCGCCAGGCCTTG-1	7
T5D_GATTGCAGTTTATGGG-1	8
T5D_GATTGTTCAAGCCAGA-1	5
T5D_GCAAACAAGCGGCTGT-1	0
T5D_GCAAACCGTCGACTAA-1	8
T5D_GCAAACCGTTAAGCGC-1	0
T5D_GCAAACTTCCCTGACT-1	0
T5D_GCAACAGCATTGGGAG-1	11
T5D_GCAAGTGCAGTCTAAT-1	2
T5D_GCAATAGAGCAACAAG-1	4
T5D_GCAATAGAGCACCACA-1	20
T5D_GCAATAGAGTAACCCG-1	8
T5D_GCAATATGTAATCCCT-1	4
T5D_GCAATATGTGTTGTAG-1	13
T5D_GCAATATGTTAGCTGA-1	12
T5D_GCAATGAAGGATCACT-1	1
T5D_GCACATTAGTTGGCCA-1	17
T5D_GCACCTAAGGGACGCA-1	4
T5D_GCACTTACAGGATTAA-1	10
T5D_GCAGCAACAGGACCTT-1	0
T5D_GCAGGAAGTCAGGAAG-1	3
T5D_GCAGGATAGAATCTCA-1	9
T5D_GCAGGATAGTCAGGCC-1	23
T5D_GCAGGTTGTCAACAAT-1	0
T5D_GCAGGTTGTGCCTCAC-1	0
T5D_GCATGAGCAGGATGGC-1	5
T5D_GCATTAGGTTGTTCAC-1	0
T5D_GCCAACATCAATTACG-1	2
T5D_GCCACACAGCATGTCG-1	10
T5D_GCCAGGAAGCATCCAG-1	2
T5D_GCCAGGAAGTCAGTAC-1	23
T5D_GCCAGGTTCATAGCCG-1	1
T5D_GCCATTACACAGCCTG-1	1
T5D_GCCCAAATCGTTAACA-1	2
T5D_GCCGTGAGTGCGCGTA-1	0
T5D_GCCGTGAGTTGTAAAC-1	5
T5D_GCCTAATAGCATTATG-1	0
T5D_GCCTACTTCCTCACAC-1	2
T5D_GCCTGACAGCTTAACA-1	13
T5D_GCCTGACAGCTTCTCA-1	5
T5D_GCCTGAGGTGCATTAG-1	26
T5D_GCCTGCTGTTACATCC-1	1
T5D_GCCTGCTGTTACGCGG-1	5
T5D_GCCTGTGCAGGCTGTT-1	7
T5D_GCCTTACTCAGCTAAC-1	4
T5D_GCCTTAGAGCACGTTG-1	12
T5D_GCCTTTATCCTTGAGG-1	0
T5D_GCGCAATGTAGTAAGA-1	8
T5D_GCGCAATGTCAAGTAT-1	3
T5D_GCGCAATGTCCTCCAA-1	0
T5D_GCGCCTTGTAGCTAAT-1	16
T5D_GCGCGATTCACGCATG-1	3
T5D_GCGCGATTCGCTATAA-1	13
T5D_GCGCTTAAGCGCAATT-1	3
T5D_GCGGAACCAGGTATTT-1	13
T5D_GCGGGTTTCAAGTGTC-1	0
T5D_GCGGTTATCTCGACCT-1	2
T5D_GCGGTTATCTGTGAGT-1	7
T5D_GCGGTTGGTAACGGGA-1	0
T5D_GCGGTTGGTTCGGGAT-1	17
T5D_GCGTGCTAGCTGGCTA-1	23
T5D_GCTAACCCAGCAGGTA-1	0
T5D_GCTAAGTTCCTTGCGT-1	6_0
T5D_GCTAGCTCACTTAGGC-1	0
T5D_GCTAGTGTCTCCATAT-1	9
T5D_GCTATAGGTAGGATCC-1	16
T5D_GCTATCCTCACTCGCT-1	2
T5D_GCTCAACCATTCCTCG-1	0
T5D_GCTCATTGTACCCACC-1	15
T5D_GCTGACATCATTAGGC-1	17
T5D_GCTGACCAGTTGGGCC-1	1
T5D_GCTGAGGAGCCTCTCG-1	24
T5D_GCTGAGGAGGAGGCAT-1	4
T5D_GCTGATCCAACTCGCG-1	5
T5D_GCTGCAATCCCATAAA-1	5
T5D_GCTGTGATCCTGATTT-1	7
T5D_GCTTACCTCATTTGCT-1	1
T5D_GCTTAGTAGACACTTA-1	2
T5D_GCTTATCGTTATCCTA-1	0
T5D_GCTTCGCGTATTGAGT-1	12
T5D_GCTTGTTGTAGCAGCT-1	8
T5D_GCTTTCATCACGTTAA-1	4
T5D_GCTTTGTGTTGCGGAT-1	8
T5D_GCTTTGTGTTGGTGAC-1	3
T5D_GGAAACTCAAGGTAAC-1	9
T5D_GGAAACTCAATTAAGG-1	5
T5D_GGAAACTCAGCTAATT-1	1
T5D_GGAAACTCAGGAACAT-1	9
T5D_GGAACAATCCAATTAG-1	0
T5D_GGAACCACAACTAGAA-1	10
T5D_GGAACCACAAGGGTTG-1	11
T5D_GGAACGGTCTTTAGGA-1	0
T5D_GGAAGCTAGTAACAGG-1	6_2
T5D_GGAAGCTAGTTGGATC-1	10
T5D_GGACAGCCACCTCACC-1	0
T5D_GGACAGCCATTGTGAT-1	12
T5D_GGACATAAGTAGCTTA-1	10
T5D_GGACGGATCTTAGCCC-1	9
T5D_GGACTAAAGTTATCTC-1	0
T5D_GGAGCGATCCTGAATA-1	0
T5D_GGAGCGATCTTGCATT-1	12
T5D_GGAGTCTGTTCGCTCA-1	8
T5D_GGATGAATCATTTGTC-1	3
T5D_GGATGTAAGTCACCAG-1	3
T5D_GGATTCAGTACTTAGG-1	1
T5D_GGATTTATCATGCATA-1	14
T5D_GGCAAGCCACTTCATC-1	0
T5D_GGCAGGATCCGCAAGC-1	9
T5D_GGCAGGATCGACAAAG-1	0
T5D_GGCATGGAGCTACTGG-1	0
T5D_GGCATTAGTGATCATG-1	5
T5D_GGCATTAGTTCCGCAC-1	10
T5D_GGCATTGTCCGCATGA-1	24
T5D_GGCCAACTCGTGCCTT-1	18
T5D_GGCCAACTCGTTACTT-1	0
T5D_GGCCTCTGTACCAGGT-1	22
T5D_GGCCTTAAGTCTTGAA-1	10
T5D_GGCGATACAACCGCCA-1	1
T5D_GGCGCTAGTTTACCGT-1	8
T5D_GGCGTTATCGTTAGCG-1	11
T5D_GGCTAGACAGCATGTC-1	8
T5D_GGCTAGACATAGCAGG-1	3
T5D_GGCTATTAGTTTCCGC-1	22
T5D_GGCTGTCAGGTTAGCT-1	2
T5D_GGCTTAAGTGACATAT-1	22
T5D_GGCTTAAGTGGGTACT-1	25
T5D_GGCTTAAGTTAGACCA-1	2
T5D_GGCTTCAAGCTCCTAC-1	1
T5D_GGCTTCAAGCTGGAAA-1	4
T5D_GGCTTCAAGGATTGCT-1	6_1
T5D_GGGAATATCAGTATTG-1	16
T5D_GGGAATATCCTAAGTA-1	17
T5D_GGGAGTAGTACCCACC-1	22
T5D_GGGAGTAGTAGGTGTC-1	7
T5D_GGGATTAAGACTTATG-1	7
T5D_GGGCATGAGCCGCAGT-1	18
T5D_GGGCTAACAATTAACC-1	0
T5D_GGGCTAACATTGTTGG-1	2
T5D_GGGTATTTCTAGCTAA-1	4
T5D_GGGTTACGTAGGTTAT-1	2
T5D_GGTAACCGTAGCTGGT-1	1
T5D_GGTAACCGTGTTGTGA-1	15
T5D_GGTAACTTCAATCATG-1	0
T5D_GGTAATTGTGGATTCA-1	5
T5D_GGTACTAGTCCTAATC-1	6_0
T5D_GGTATTGGTCGCATAA-1	15
T5D_GGTATTGGTTCCGGGA-1	0
T5D_GGTATTTCATAAACCT-1	1
T5D_GGTCAGGAGGGATTAG-1	11
T5D_GGTCCATCAATATGGA-1	10
T5D_GGTCCATCATAAACCT-1	0
T5D_GGTCCGTAGGCCATCA-1	1
T5D_GGTCCGTAGTATCGCG-1	8
T5D_GGTCCTGCATCCCGCT-1	7
T5D_GGTCGGTTCCCTCACG-1	22
T5D_GGTCGGTTCCTCAGTC-1	2
T5D_GGTCTTTGTAGGTTGC-1	0
T5D_GGTCTTTGTTCGCTCA-1	0
T5D_GGTGCTGGTCACACCC-1	16
T5D_GGTTACCCATGTTTGG-1	0
T5D_GGTTAGCGTCAAACTG-1	6_2
T5D_GGTTGACGTTATAGCG-1	24
T5D_GGTTTAATCCTCCATA-1	2
T5D_GGTTTAATCGAGGAAC-1	2
T5D_GGTTTCTGTCATTACC-1	9
T5D_GTAAGCAAGTAGCGCC-1	8
T5D_GTAAGCGCAACCTGGT-1	1
T5D_GTAAGCGCATTAGCGC-1	11
T5D_GTAAGCTTCCCATAGG-1	2
T5D_GTAAGCTTCCTGATGG-1	13
T5D_GTAAGGTCATAGCGAG-1	0
T5D_GTACACCCAAATGCCC-1	18
T5D_GTACCGGGTCATTAGG-1	3
T5D_GTACTAATCCTAGTCC-1	0
T5D_GTACTAGGTTTACGTC-1	18
T5D_GTACTGGTCACCTGTC-1	2
T5D_GTACTTAAGTATCGCG-1	1
T5D_GTACTTCGTTACTTCA-1	1
T5D_GTAGCTGTCGAGGTGG-1	8
T5D_GTAGCTGTCTGTGCAG-1	4
T5D_GTAGGATCAGGCGATA-1	8
T5D_GTAGGCGAGTGAACAG-1	7
T5D_GTAGGTGCACCCACCT-1	3
T5D_GTAGTTATCCTGGTGA-1	16
T5D_GTATCGCCAATTAAGG-1	4
T5D_GTATCGCCACTTCATC-1	0
T5D_GTATGTTCAAGGATTA-1	0
T5D_GTATTGATCCTGGTCT-1	0
T5D_GTATTGATCGATTTGA-1	0
T5D_GTATTGATCGTTACAA-1	8
T5D_GTATTGTCAACACCTA-1	2
T5D_GTATTGTCACAATTAC-1	0
T5D_GTCATCACACTTAACG-1	17
T5D_GTCCAAGTCGATTTGA-1	3
T5D_GTCCAAGTCTTGCTAT-1	1
T5D_GTCCATTGTACCGAAC-1	13
T5D_GTCCATTGTGCGCATG-1	2
T5D_GTCCTAGAGCATGAAG-1	8
T5D_GTCCTCAGTTTCCGGC-1	0
T5D_GTCCTCCCATTAGCGC-1	10
T5D_GTCGAGGAGTAACGGA-1	16
T5D_GTCGGTTCAGGAACAT-1	12
T5D_GTCTAACAGGGATTAG-1	5
T5D_GTCTAGCCAAGATTCT-1	8
T5D_GTCTATGCAATATAGG-1	1
T5D_GTCTTGCTCACAGACT-1	11
T5D_GTCTTGCTCCTAAGTA-1	10
T5D_GTCTTTAGTGCTTAGA-1	8
T5D_GTCTTTGTCTAATCTC-1	1
T5D_GTGAATCTCTTGCAAA-1	1
T5D_GTGATGAAGTATTGGC-1	8
T5D_GTGCACGGTAATCGGC-1	10
T5D_GTGCACGGTGGACCTG-1	0
T5D_GTGCATTAGGCGGATG-1	0
T5D_GTGCGCAGTGTGAGAG-1	1
T5D_GTGCTCAAGTACCGCA-1	6_2
T5D_GTGCTGATCCTTGCGT-1	16
T5D_GTGGATGCATTATGGT-1	6_1
T5D_GTGGCTTCAATAGTCT-1	6_2
T5D_GTGGCTTCACCTGCCT-1	23
T5D_GTGTGAGCAATAATCC-1	21
T5D_GTGTGAGCAGAAACGT-1	4
T5D_GTGTGCGGTAAAGCGG-1	7
T5D_GTGTGCGGTTCCAGGG-1	19
T5D_GTGTTACAGCTCATAA-1	0
T5D_GTGTTACAGGATCCGC-1	13
T5D_GTGTTCCTCCTCCCTC-1	2
T5D_GTTAAGCTCCATTACT-1	1
T5D_GTTAAGTGTTGCTTCG-1	9
T5D_GTTACAGGTGGACATC-1	4
T5D_GTTACTCGTGTGCAAC-1	2
T5D_GTTAGACTCGTCATTT-1	1
T5D_GTTCATTTCCCAGTAG-1	24
T5D_GTTCATTTCTTCAATC-1	15
T5D_GTTCCTGGTCGCGCAA-1	20
T5D_GTTCGCTTCATGCTCC-1	16
T5D_GTTCTCATCCCGAACA-1	2
T5D_GTTCTTAGTACCGTTT-1	3
T5D_GTTCTTAGTCCTTTAA-1	5
T5D_GTTCTTGTCCTTGCAC-1	0
T5D_GTTCTTGTCGAAGTGA-1	4
T5D_GTTGCCCGTTGTAAAC-1	0
T5D_GTTGCTGAGAATCTCA-1	17
T5D_GTTGCTGAGTGAGAGC-1	8
T5D_GTTGGCCAGCTCCCTG-1	0
T5D_GTTGGCCAGGGCTTAT-1	23
T5D_GTTGGCCAGTCTCACC-1	5
T5D_GTTGTGAGTGCAATGC-1	0
T5D_GTTGTGAGTTGAGGTC-1	7
T5D_GTTGTTGCAGCCTGCA-1	0
T5D_GTTTAGCAGTACCGCA-1	13
T5D_GTTTCCTCAGGTTACC-1	0
T5D_GTTTCTAGTTGGTTAG-1	11
T5D_GTTTGTAAGCTGGCTA-1	0
T5D_TAAACAGCAGGACACA-1	11
T5D_TAACCGGTCCCGTTTA-1	3
T5D_TAACCTAAGTCCTTCA-1	1
T5D_TAAGCCTAGGGACTAA-1	0
T5D_TAAGCTATCACCATTT-1	2
T5D_TAAGCTATCCTAAGTA-1	0
T5D_TAAGCTGGTCCCGGAA-1	0
T5D_TAAGGACCATCCCGCT-1	17
T5D_TAAGGCTTCTCACAAA-1	9
T5D_TAAGTGCTCCGCAAGC-1	10
T5D_TAATGGACAGAAACGT-1	10
T5D_TAATGGTGTTGTTCAC-1	6_2
T5D_TAATTGCCAAGCTTAT-1	2
T5D_TAATTGCCAATTATGC-1	0
T5D_TACAATGTCCTCACAC-1	2
T5D_TACAGCTAGCACCACA-1	3
T5D_TACAGCTAGCTTATGA-1	12
T5D_TACAGCTAGTGCACGC-1	9
T5D_TACATCAAGCACGTTG-1	8
T5D_TACATCAAGCATGACT-1	5
T5D_TACCAAATCACGTTAA-1	2
T5D_TACCAAATCCTAGTAA-1	6_2
T5D_TACCAGGTCTCAATTC-1	4
T5D_TACCCGGCAGCTACGT-1	3
T5D_TACCGCAAGGAGCAAC-1	2
T5D_TACCGTTGTTGCATCT-1	0
T5D_TACCTTAGTGAGCAAG-1	6_0
T5D_TACGTAATCCGCATGA-1	0
T5D_TACGTTAAGGTGTCCA-1	16
T5D_TACTAAGTCTCAATGA-1	0
T5D_TACTCAAAGCTAATTG-1	0
T5D_TACTGACAGCTTGCTC-1	3
T5D_TACTTCGTCATTAGCA-1	0
T5D_TACTTCGTCTAAGGTC-1	1
T5D_TACTTGTTCAACAAGG-1	12
T5D_TACTTGTTCCTAAATG-1	13
T5D_TACTTGTTCTTTAGGA-1	5
T5D_TAGCATATCTAAGTGC-1	15
T5D_TAGCCTCTCCCTCAAC-1	2
T5D_TAGCCTTGTTATCGAG-1	0
T5D_TAGCGGACAAATGCCC-1	22
T5D_TAGCGGACACTTAACG-1	10
T5D_TAGCGGACATCAGCAC-1	0
T5D_TAGCGGCTCGGTTTGG-1	0
T5D_TAGCTAATCATTAGTG-1	0
T5D_TAGCTAATCGTGCTTC-1	0
T5D_TAGCTAGGTCAGGAAG-1	2
T5D_TAGCTTAAGAGGGACT-1	19
T5D_TAGCTTAAGGCTATGT-1	3
T5D_TAGGAGTCAATTAACC-1	13
T5D_TAGGCTAGTCTCACTG-1	19
T5D_TAGGGTTTCCAAATCA-1	12
T5D_TAGGGTTTCTTAGGAC-1	1
T5D_TAGGTGCGTCCGGTTC-1	1
T5D_TAGGTGCGTTTATCTG-1	0
T5D_TAGGTTGGTACTTCAC-1	22
T5D_TAGGTTGGTTAAGCGC-1	1
T5D_TAGTAACGTGAGGTGA-1	12
T5D_TAGTAACGTGCTGGTG-1	14
T5D_TAGTAACGTTAGGCTA-1	0
T5D_TAGTAAGCATGTCAGC-1	2
T5D_TAGTAAGCATTAAGTC-1	12
T5D_TAGTAGGAGACAAACG-1	2
T5D_TAGTAGGAGCACTAAC-1	18
T5D_TAGTAGGAGCTCAAAC-1	3
T5D_TAGTAGGAGGGTGGAT-1	11
T5D_TAGTCAATCCAGGGAG-1	1
T5D_TAGTGGCGTTTGCGAA-1	4
T5D_TAGTGTGGTCCTTTAA-1	0
T5D_TAGTGTGGTTCCGGCT-1	7
T5D_TAGTTGTCACAGCCAT-1	3
T5D_TAGTTTGAGGAACACA-1	5
T5D_TATAGCCAGATGGACA-1	20
T5D_TATAGCCAGCGGATTT-1	19
T5D_TATCACGCAATTATGC-1	0
T5D_TATCCGGAGGTGTTAC-1	5
T5D_TATCGCGAGCTTTGTT-1	10
T5D_TATGAAGCAAGTCGCT-1	9
T5D_TATGGATGTTTCGCGC-1	0
T5D_TATGGCCCACACTAAT-1	16
T5D_TATTACCTCATCCTCA-1	0
T5D_TATTACCTCATGACCG-1	2
T5D_TATTAGCCAGAATGAC-1	5
T5D_TATTCGTTCTTGATGA-1	14
T5D_TCAACAATCACTAAGC-1	23
T5D_TCAACAATCGCGCTAA-1	1
T5D_TCAAGGTTCTGTAATG-1	2
T5D_TCAAGTATCCTCATGC-1	0
T5D_TCACCTCAGGTGCTGC-1	1
T5D_TCACCTGGTGGAAACG-1	0
T5D_TCACTGACACATAGCC-1	3
T5D_TCAGCAAGTTATCCGT-1	2
T5D_TCAGTAGGTTGTTGTC-1	2
T5D_TCATAACCAGCTACGT-1	0
T5D_TCATAACCATTGCGAC-1	1
T5D_TCATACTTCATTATGG-1	6_3
T5D_TCATCCATCCGCCAAA-1	10
T5D_TCATCCATCTAAGTGC-1	0
T5D_TCATGAGGTAGCCATA-1	13
T5D_TCATGAGGTGGAAACG-1	9
T5D_TCATGTTTCCCATAGG-1	1
T5D_TCATGTTTCGATTTAG-1	13
T5D_TCCACAACAAGCTACC-1	2
T5D_TCCAGGATCATCAGTA-1	3
T5D_TCCAGGTCATGAAGTA-1	5
T5D_TCCATATTCGTTTCTG-1	10
T5D_TCCATATTCTCAATTC-1	12
T5D_TCCATCATCATAAGCC-1	1
T5D_TCCATCATCCTCCATA-1	4
T5D_TCCATGCTCGCATTAA-1	2
T5D_TCCCGGACACAATACT-1	2
T5D_TCCCGGACACAGCCTG-1	6_1
T5D_TCCGGAATCGAAGTGA-1	0
T5D_TCCGGAATCGATTATG-1	9
T5D_TCCGGAATCGGTTTCC-1	16
T5D_TCCTAGTGTGGCTTCC-1	2
T5D_TCCTCAATCTTGCTAT-1	4
T5D_TCCTCACAGCTTCCCG-1	7
T5D_TCCTCTAAGCCTTAAA-1	7
T5D_TCCTGGTTCGCAGGCT-1	14
T5D_TCCTGTTCATGTTTGG-1	8
T5D_TCCTTAGTCAGGAAGC-1	9
T5D_TCCTTAGTCATGTTTC-1	10
T5D_TCCTTCAAGCCACAAT-1	0
T5D_TCCTTGCAGGATGATG-1	9
T5D_TCCTTTACAAGACTCC-1	5
T5D_TCGATTAAGGAGCAAC-1	0
T5D_TCGCATTGTTAGGTTG-1	1
T5D_TCGCGAGGTGACATGC-1	16
T5D_TCGCGAGGTTAAGCCA-1	2
T5D_TCGCGCACAGTTGCGT-1	10
T5D_TCGGTTCTCGCTTCTA-1	0
T5D_TCGGTTTGTAAGCTCA-1	5
T5D_TCGTCAACAAGTGAAC-1	2
T5D_TCGTTACGTGTTTGAG-1	3
T5D_TCGTTAGCAAACCTAT-1	3
T5D_TCGTTTCCATAATCGT-1	8
T5D_TCTAACTTCATTAGTG-1	0
T5D_TCTAAGGGTCATTACC-1	4
T5D_TCTAAGGGTGCTCACC-1	0
T5D_TCTAGCACAAACCCTA-1	4
T5D_TCTAGCACATTAGCCA-1	10
T5D_TCTATGTTCTATCGCC-1	8
T5D_TCTCAATTCAACCAAC-1	0
T5D_TCTCCTCGTTGGTGAC-1	0
T5D_TCTCGCCCAATCCCTT-1	18
T5D_TCTCGCCCATTATGCG-1	13
T5D_TCTGTGACAGGGAGCT-1	10
T5D_TCTGTGACAGTTAGCC-1	0
T5D_TCTGTGACATCGCTTT-1	0
T5D_TCTTAGTTCACCATTT-1	2
T5D_TCTTGTCCAATCATGT-1	1
T5D_TGAAACTGTAGCCTCC-1	8
T5D_TGAAACTGTCAGGAAG-1	0
T5D_TGAACAACAAGATTCT-1	2
T5D_TGAAGCAAGGAACCAA-1	5
T5D_TGAAGGATCCTAGTTT-1	1
T5D_TGAAGTGAGCGCCTTT-1	4
T5D_TGACCAAGTCATAAGT-1	0
T5D_TGACTCCTCTAACTGA-1	3
T5D_TGATCAATCTCAATTC-1	24
T5D_TGATCAATCTGTAATG-1	22
T5D_TGATCAGGTAATCCCT-1	3
T5D_TGATCCTGTATTCGTC-1	18
T5D_TGATCGAGTATTCGTC-1	6_1
T5D_TGATCGAGTGCAACTA-1	0
T5D_TGATGATGTTACAAAC-1	3
T5D_TGATTAGTCTGTAATG-1	16
T5D_TGCAATATCCGGCTAA-1	0
T5D_TGCACACCACCATATG-1	10
T5D_TGCACTTGTGCTAGCG-1	0
T5D_TGCATCCTCTCGACCT-1	9
T5D_TGCATGAGTTGTTGCT-1	0
T5D_TGCATTAAGTTCCCGT-1	0
T5D_TGCCATTGTCCTCCAA-1	6_1
T5D_TGCCATTGTGTCCAAA-1	6_0
T5D_TGCCTGTTCGGCCATA-1	8
T5D_TGCGCAGGTAACCAGC-1	13
T5D_TGCGCAGGTGGATGTC-1	2
T5D_TGCGCGAGTGTGCACG-1	3
T5D_TGCGGTTCAGGTTACC-1	16
T5D_TGCGGTTCATTATGCG-1	7
T5D_TGCTAACAGCTTAGCG-1	11
T5D_TGCTAGCCATCTAGCA-1	4
T5D_TGCTCAACATGTCAAT-1	12
T5D_TGCTCCGTCATAATCG-1	7
T5D_TGCTCCGTCGCAACAT-1	6_0
T5D_TGCTCTCAGGAAGCTA-1	0
T5D_TGCTTCATCCCGTTTA-1	16
T5D_TGCTTCATCGTTAAGC-1	0
T5D_TGCTTGCTCGTTCACC-1	18
T5D_TGCTTGTGTAGCTGGT-1	5
T5D_TGCTTGTGTGCTGGTG-1	5
T5D_TGCTTTAGTAATCCCT-1	25
T5D_TGGACGGAGCGCCTTT-1	0
T5D_TGGATTGGTTCGCGCT-1	0
T5D_TGGCCATCAACTAGAA-1	2
T5D_TGGCCTTTCATGCCTC-1	11
T5D_TGGCGGTTCAATGACC-1	0
T5D_TGGCGGTTCATGTCAA-1	5
T5D_TGGCTTTGTACGTTTC-1	0
T5D_TGGGCATGTTTACCGT-1	23
T5D_TGGGCCTAGGCAATAG-1	7
T5D_TGGGCCTAGTACCGCA-1	4
T5D_TGGTCATAGGAACGGT-1	9
T5D_TGGTCATAGGTGAAAT-1	8
T5D_TGGTGCATCCCTCAAC-1	1
T5D_TGGTGCATCTTGCAGG-1	6_2
T5D_TGGTTAATCCTTGCGT-1	1
T5D_TGGTTCCTCCTTGCGT-1	1
T5D_TGGTTCCTCGTAATCA-1	24
T5D_TGGTTCTGTAAGGTCC-1	24
T5D_TGGTTGAGTTGGGTTA-1	19
T5D_TGTAAAGCAAGGAATC-1	9
T5D_TGTAAGCTCCACCCTG-1	1
T5D_TGTATCGCAAACTGTT-1	0
T5D_TGTATCGCAATTTGGT-1	18
T5D_TGTCAGTAGCGCCTTT-1	22
T5D_TGTCATAAGGACCAGG-1	0
T5D_TGTCATAAGGCGCATC-1	1
T5D_TGTGCGCAGCATGTTA-1	5
T5D_TGTGCGCAGTGAGCGG-1	22
T5D_TGTGCTGAGCCTGTTC-1	11
T5D_TGTGGAGCATACTCCT-1	5
T5D_TGTGGCGGTGTTCCCA-1	0
T5D_TGTTAGCAGGCGCTAC-1	18
T5D_TGTTAGCAGTTAGACC-1	22
T5D_TGTTATGAGCTGGCTA-1	0
T5D_TGTTGCACAATTATGC-1	1
T5D_TGTTGCACATGGCCCA-1	1
T5D_TGTTGGCCATTAAACC-1	2
T5D_TGTTGTAAGACAGGCG-1	1
T5D_TTAAAGGCATTTAAGC-1	0
T5D_TTAACTGAGGACTAAG-1	17
T5D_TTAAGCCAGTAGCGCC-1	15
T5D_TTAAGTGTCTGCAAAC-1	15
T5D_TTACCGTGTCTTGCAT-1	2
T5D_TTACCTGTCGTTAACA-1	8
T5D_TTAGACTCAAACCCTA-1	5
T5D_TTAGCAGGTTAAGCCA-1	22
T5D_TTAGCAGGTTAGAGGG-1	4
T5D_TTAGCGGTCATGCTAA-1	1
T5D_TTAGCTGCAAACGGGC-1	1
T5D_TTAGGAACACTTAGGC-1	6_0
T5D_TTAGGATGTTACAAAC-1	3
T5D_TTATGACCAGGTATTT-1	1
T5D_TTATTGCTCAAACCGT-1	1
T5D_TTCACTGTCAAACTCA-1	24
T5D_TTCACTGTCATCGTTT-1	3
T5D_TTCATCCCAAACTGTT-1	9
T5D_TTCATCCCAAGCGATG-1	0
T5D_TTCCCACAGCGGCTGT-1	4
T5D_TTCCCGCCATTAAACC-1	0
T5D_TTCCTCAAGGACCTCA-1	14
T5D_TTCCTTGAGTTATTCC-1	6_0
T5D_TTCGTTAGTCACAGAC-1	0
T5D_TTGACATCATAAGCAA-1	16
T5D_TTGAGCTAGGAACCGG-1	2
T5D_TTGCAATCAATTGCGC-1	18
T5D_TTGCCCGTCACCGGTA-1	0
T5D_TTGCGAGTCAAACTCA-1	2
T5D_TTGCTTAGTGTGTCCC-1	12
T5D_TTGCTTTAGGCATGAA-1	17
T5D_TTGGATATCCGTGACA-1	3
T5D_TTGGATATCTAAATCG-1	18
T5D_TTGGCGGGTTACAAAC-1	5
T5D_TTGGCTACAACTCGCG-1	0
T5D_TTGGCTACAGGCCTTG-1	0
T5D_TTGGCTACATAATTGC-1	5
T5D_TTGGCTGAGCTCATAA-1	18
T5D_TTGGGCCAGGCGCTAC-1	5
T5D_TTGGGCCAGTAAAGGT-1	0
T5D_TTGTAAGTCATTAGCA-1	15
T5D_TTGTAAGTCCAGGAAA-1	8
T5D_TTGTAAGTCGTTATAG-1	3
T5D_TTGTCCATCTTGATGA-1	2
T5D_TTGTCCCAGGCTAGAA-1	9
T5D_TTGTCCGGTCATAGAT-1	10
T5D_TTGTGAGGTTTCAGGA-1	0
T5D_TTGTTGCGTTAATGAC-1	8
T5D_TTGTTTGGTTCCATTA-1	25
T5D_TTTAACGAGGCAATAG-1	6_2
T5D_TTTAACGAGTCATTGA-1	8
T5D_TTTAGCAAGTCATTAG-1	1
T5D_TTTAGCTTCATGGCCA-1	13
T5D_TTTCCACCATTGTGGC-1	10
T5D_TTTGACCGTGCTGTAA-1	9
T5D_TTTGACTTCATGCGTG-1	25
T5D_TTTGCATTCACTAGGT-1	6_3
T5D_TTTGGCTGTATACTGG-1	24
T5D_TTTGGTGCAAGGTAAC-1	12
T5D_TTTGTCCCAGCCAGTT-1	3
T5D_TTTGTCTAGTGATTCA-1	3
T5D_TTTGTGAAGCTAATCA-1	11
