,individual,status,prediction,cluster
0,A12D,E,0.5622758528473822,0
1,A22D,D,0.4404107255051393,0
2,A25D,D,0.2685596670801089,0
3,C21D,D,0.24637814147049103,0
4,T11D,E,0.4656748534645082,0
5,T13D,D,0.44327106756262685,0
6,T14D,D,0.5309999680902872,0
7,T17D,NF,0.19584425368938904,0
8,T19D,D,0.17487836643625207,0
9,T5D,D,0.5129432209540583,0
0,A12D,E,0.24879359542385868,1
1,A22D,D,0.1907688327675159,1
2,A25D,D,0.03997803401422393,1
3,C21D,D,0.08934598472892019,1
4,T11D,E,0.5569534465564365,1
5,T13D,D,0.11008327550003966,1
6,T14D,D,0.1731108359937992,1
7,T17D,NF,0.12385378885335395,1
8,T19D,D,0.1428566791578967,1
9,T5D,D,0.24355017522218836,1
0,A12D,E,0.47213564291401194,2
1,A22D,D,0.5906375551462318,2
2,A25D,D,0.5216115285936246,2
3,C21D,D,0.5370266947124733,2
4,T11D,E,0.41640058800925556,2
5,T13D,D,0.6871354749331249,2
6,T14D,D,0.6355075078317256,2
7,T17D,NF,0.5198891897116723,2
8,T19D,D,0.5031795801070367,2
9,T5D,D,0.6696214943617129,2
0,A12D,E,0.33700711943237305,3
1,A22D,D,0.4555137145661842,3
2,A25D,D,0.5488672011896915,3
3,C21D,D,0.4336377621120402,3
4,T11D,E,0.43334226290785194,3
5,T13D,D,0.41858687874360323,3
6,T14D,D,0.29241829310813683,3
7,T17D,NF,0.4744306656730571,3
8,T19D,D,0.2732509507378184,3
9,T5D,D,0.435464952080707,3
0,A12D,E,0.4733048045895469,4
1,A22D,D,0.3204939053022327,4
2,A25D,D,0.3843987687597673,4
3,C21D,D,0.33119980416983297,4
4,T11D,E,0.3735171083459983,4
5,T13D,D,0.43193829739695316,4
6,T17D,NF,0.3528608730100866,4
7,T19D,D,0.16284627109013836,4
8,T5D,D,0.4812478645043852,4
0,A12D,E,0.44868532896684177,5
1,A22D,D,0.6704010768149112,5
2,A25D,D,0.8792185631991524,5
3,C21D,D,0.7532711661923189,5
4,T11D,E,0.5301699304241516,5
5,T13D,D,0.515728145926057,5
6,T14D,D,0.5533915865731153,5
7,T17D,NF,0.5621605438773042,5
8,T19D,D,0.48244954602619233,5
9,T5D,D,0.6892613920597609,5
0,A12D,E,0.8178541108092048,6
1,A22D,D,0.31576521286654086,6
2,A25D,D,0.14937416974230605,6
3,C21D,D,0.12151699513109628,6
4,T11D,E,0.5659559693823221,6
5,T13D,D,0.2448605398840517,6
6,T14D,D,0.15017055737927246,6
7,T17D,NF,0.8043716869526243,6
8,T19D,D,0.22285149126105017,6
9,T5D,D,0.1563583136660711,6
0,A12D,E,0.48054046816390367,7
1,A22D,D,0.6180185767987794,7
2,A25D,D,0.5949538368307653,7
3,C21D,D,0.7626385959293582,7
4,T11D,E,0.5166792254861536,7
5,T13D,D,0.767580691118611,7
6,T14D,D,0.2915293851059595,7
7,T17D,NF,0.41389373193873835,7
8,T19D,D,0.5750773853858386,7
9,T5D,D,0.6917063858911647,7
0,A12D,E,0.3155952656771912,8
1,A22D,D,0.30784582767051893,8
2,A25D,D,0.5378127261145399,8
3,C21D,D,0.34518366407866713,8
4,T11D,E,0.5665901847107874,8
5,T13D,D,0.2657052044246525,8
6,T14D,D,0.754240365484533,8
7,T17D,NF,0.47727404517879096,8
8,T19D,D,0.44374771906546717,8
9,T5D,D,0.3200763184746565,8
0,A12D,E,0.40187261762752147,9
1,A22D,D,0.3424539668638527,9
2,A25D,D,0.19274249797785223,9
3,C21D,D,0.3765176596929898,9
4,T11D,E,0.7077796471191453,9
5,T13D,D,0.37264312001916833,9
6,T14D,D,0.4573276420775132,9
7,T17D,NF,0.27900645397766677,9
8,T19D,D,0.3393645528203716,9
9,T5D,D,0.4552546907037134,9
0,A12D,E,0.3791093299838309,10
1,A22D,D,0.42983767767745085,10
2,A25D,D,0.4079471328007788,10
3,C21D,D,0.416456719811228,10
4,T11D,E,0.3352785430115282,10
5,T13D,D,0.3198794653409451,10
6,T14D,D,0.4313440186510379,10
7,T17D,NF,0.4076671841323483,10
8,T19D,D,0.38322917783618704,10
9,T5D,D,0.3804428678631823,10
0,A12D,E,0.20292653790818663,11
1,A22D,D,0.18820328013402854,11
2,A25D,D,0.13956528294490783,11
3,C21D,D,0.11195503698709877,11
4,T11D,E,0.6727543022605508,11
5,T13D,D,0.4305332276767066,11
6,T14D,D,0.3901329440852492,11
7,T17D,NF,0.09338186859432773,11
8,T19D,D,0.29680635361537905,11
9,T5D,D,0.5621873750909056,11
0,A12D,E,0.544725971146704,12
1,A22D,D,0.4131228283933532,12
2,A25D,D,0.286273367230373,12
3,C21D,D,0.4068891612738224,12
4,T11D,E,0.5708081360604885,12
5,T13D,D,0.4316587315393429,12
6,T14D,D,0.5867004365891462,12
7,T17D,NF,0.3887305015274923,12
8,T19D,D,0.38765862342928625,12
9,T5D,D,0.3445102148777742,12
0,A12D,E,0.5805498801763561,13
1,A22D,D,0.5562383220714724,13
2,A25D,D,0.6147825036020876,13
3,C21D,D,0.536743538192637,13
4,T11D,E,0.6310013553248317,13
5,T13D,D,0.6315158657111956,13
6,T14D,D,0.5223231463510848,13
7,T17D,NF,0.5079255422891773,13
8,T19D,D,0.5634614461133015,13
9,T5D,D,0.6557347931870886,13
0,A12D,E,0.47187941379432863,14
1,A22D,D,0.4815203971473192,14
2,A25D,D,0.5121632070129003,14
3,C21D,D,0.4465354056726389,14
4,T11D,E,0.5580454147203232,14
5,T13D,D,0.464773650955908,14
6,T14D,D,0.4298604013819324,14
7,T17D,NF,0.46661468415703306,14
8,T19D,D,0.6608199788747172,14
9,T5D,D,0.4910220214012344,14
0,A12D,E,0.5608100450893678,15
1,A22D,D,0.6238419010564762,15
2,A25D,D,0.5929731569775668,15
3,C21D,D,0.5276168034908931,15
4,T11D,E,0.5059309720659058,15
5,T13D,D,0.23916226605483754,15
6,T14D,D,0.4769964197996214,15
7,T17D,NF,0.3290156291156728,15
8,T19D,D,0.5758734916049063,15
9,T5D,D,0.40877691928871196,15
0,A12D,E,0.5124879456582874,16
1,A22D,D,0.6457193404158275,16
2,A25D,D,0.6086236440647399,16
3,C21D,D,0.4683850624156115,16
4,T11D,E,0.45447490357015324,16
5,T13D,D,0.5726165222569493,16
6,T14D,D,0.42977414442861367,16
7,T17D,NF,0.548054316170297,16
8,T19D,D,0.5826391850622041,16
9,T5D,D,0.5891322401772291,16
0,A12D,E,0.49971059246964794,17
1,A22D,D,0.5496090424055547,17
2,A25D,D,0.5728564386049796,17
3,C21D,D,0.3709859182146989,17
4,T11D,E,0.34577345692041217,17
5,T13D,D,0.6305703328630363,17
6,T14D,D,0.52271989706135,17
7,T17D,NF,0.49734992927171,17
8,T19D,D,0.4436382927963502,17
9,T5D,D,0.48472422845917235,17
0,A12D,E,0.47080472066076284,18
1,A22D,D,0.44407415733590183,18
2,A25D,D,0.46589245046388494,18
3,C21D,D,0.44407415733590183,18
4,T11D,E,0.44407415733590183,18
5,T13D,D,0.46908762477541854,18
6,T14D,D,0.842436536322154,18
7,T17D,NF,0.46442617388165836,18
8,T19D,D,0.44407415733590183,18
9,T5D,D,0.5008463582272595,18
0,A12D,E,0.566709443190019,19
1,A22D,D,0.3598115643986361,19
2,A25D,D,0.4172661408431629,19
3,C21D,D,0.3221839318051425,19
4,T11D,E,0.35748314519212526,19
5,T13D,D,0.36980718697759174,19
6,T14D,D,0.21843206022879053,19
7,T17D,NF,0.6036103878025393,19
8,T19D,D,0.39110407114566287,19
9,T5D,D,0.5787452841636825,19
0,A12D,E,0.5419860561910239,20
1,A22D,D,0.31933071750815495,20
2,A25D,D,0.4465131520119025,20
3,C21D,D,0.412178204679433,20
4,T11D,E,0.5534454701046979,20
5,T13D,D,0.31432817893929366,20
6,T14D,D,0.5879179884698432,20
7,T17D,NF,0.3165727244151556,20
8,T19D,D,0.39102661104301967,20
9,T5D,D,0.31681889424188525,20
0,A12D,E,0.39102912781217564,22
1,A22D,D,0.43630376552055217,22
2,A25D,D,0.3931451187401371,22
3,C21D,D,0.4196872421609595,22
4,T11D,E,0.4258072910647563,22
5,T13D,D,0.39883379263015317,22
6,T14D,D,0.43737076778279915,22
7,T17D,NF,0.42457118902737384,22
8,T19D,D,0.4028378288987323,22
9,T5D,D,0.4217055444401763,22
0,A12D,E,0.44829461889252464,23
1,A22D,D,0.5262048255983989,23
2,A25D,D,0.498582256385577,23
3,C21D,D,0.541177651676611,23
4,T11D,E,0.503445392978998,23
5,T13D,D,0.5079036747922373,23
6,T14D,D,0.5337834446909954,23
7,T17D,NF,0.5396722400129241,23
8,T19D,D,0.4722317538918893,23
9,T5D,D,0.5249633316438027,23
0,A12D,E,0.5269070598496982,24
1,A22D,D,0.4798399587964142,24
2,A25D,D,0.44132684025728935,24
3,C21D,D,0.5063152227213367,24
4,T11D,E,0.5290605183512134,24
5,T13D,D,0.39562928203653547,24
6,T14D,D,0.4052679180790922,24
7,T17D,NF,0.4196557833388693,24
8,T19D,D,0.49924532064096777,24
9,T5D,D,0.40873108632948824,24
0,A12D,E,0.49838782316247787,25
1,A22D,D,0.49905501642980615,25
2,A25D,D,0.49847892145371664,25
3,C21D,D,0.5000858594242368,25
4,T11D,E,0.49989428761494004,25
5,T13D,D,0.500357970063744,25
6,T14D,D,0.49575694709135426,25
7,T17D,NF,0.5031774245290959,25
8,T19D,D,0.4968240084129229,25
9,T5D,D,0.503871969069997,25
