"","gene","f_m_estimate","f_m_p.value","d_m_estimate","d_m_p.value","d_f_estimate","d_f_p.value","warning","singular","f_m_q.value","d_m_q.value","d_f_q.value"
"1","trip4",0.061499304519362,0.794150922486724,-0.128526419314002,0.577311981757225,-0.190025723833364,0.403018040419765,NA,FALSE,0.996524050858128,0.997967183614724,0.910948429393994
"2","pde8a",0.0861877223429641,0.609405482140042,-0.0953115356539763,0.572616050215279,-0.18149925799694,0.248744467754545,NA,TRUE,0.996524050858128,0.997967183614724,0.891231726097222
"3","LOC111562565",-0.135342176067562,0.364603864335891,0.0378179379371316,0.799236596092475,0.173160114004694,0.204683154429433,NA,TRUE,0.918778312358122,0.997967183614724,0.87764307318588
"4","ankrd11",-0.167575404863441,0.164583835789393,-0.097874404975785,0.409054457654174,0.069700999887656,0.537683964630576,NA,TRUE,0.833409699192684,0.997967183614724,0.910948429393994
"5","zfhx3b",-0.0622880812730279,0.691818773115549,0.0562548090293572,0.720737076363279,0.118542890302385,0.409682918402224,NA,TRUE,0.996524050858128,0.997967183614724,0.910948429393994
"6","LOC111576189",0.016425204444136,0.874306522305196,-0.0927754076938842,0.380256254608564,-0.10920061213802,0.255201374162594,NA,TRUE,0.996524050858128,0.997967183614724,0.891231726097222
"7","LOC111567616",0.0599040987112938,0.652895679926686,-0.138853363560794,0.301707290761008,-0.198757462272087,0.112670977409773,NA,TRUE,0.996524050858128,0.997967183614724,0.832124922871916
"8","celf6",-0.00250357620872857,0.984512492099519,-0.141678366629235,0.274809320293003,-0.139174790420507,0.247112773582131,NA,TRUE,0.996524050858128,0.997967183614724,0.891231726097222
"9","LOC111572241",0.0539939177688081,0.653583352506054,-0.107122884947836,0.383905306999023,-0.161116802716644,0.147996453264691,NA,TRUE,0.996524050858128,0.997967183614724,0.86268804770404
"10","ntrk3b",-0.115934196031009,0.230924596259375,0.0385465708130066,0.688961751026593,0.154480766844015,0.0818417716852852,NA,TRUE,0.858910049747502,0.997967183614724,0.808947631924636
"11","mtss1lb",0.0311078931963279,0.829095745889604,0.0465914178235917,0.740279000687125,0.0154835246272638,0.906548369767307,NA,TRUE,0.996524050858128,0.997967183614724,0.970117310330258
"12","adamtsl3",0.184961298426063,0.255714377817549,0.250399846588715,0.113713477337486,0.0654385481626525,0.649658900424563,NA,TRUE,0.87578854519535,0.997967183614724,0.910948429393994
"13","shank2b",-0.10453840719642,0.349010574589061,-0.0297717655221291,0.790764030855959,0.0747666416742907,0.467307996667663,NA,TRUE,0.918778312358122,0.997967183614724,0.910948429393994
"14","large2",-0.0761800463449917,0.503630791350471,0.0292634307279465,0.796680612263571,0.105443477072938,0.314586970345174,NA,TRUE,0.936226910872321,0.997967183614724,0.910948429393994
"15","LOC111575341",-0.116782941038576,0.424852459444432,0.0997143568345198,0.496736319433771,0.216497297873096,0.10601592897018,NA,TRUE,0.933767623702512,0.997967183614724,0.808947631924636
"16","LOC111588881",0.162322554689864,0.18298245884772,0.207065264694858,0.0885839293557398,0.044742710004994,0.683272089209006,NA,TRUE,0.845090040204603,0.997967183614724,0.917996491902918
"17","luzp2",-0.0996247105388979,0.379552294278996,0.0896469306964592,0.438562690979046,0.189271641235357,0.0691880560094182,NA,TRUE,0.918778312358122,0.997967183614724,0.735909323009267
"18","kcna4",-0.0256876009621967,0.824639206334463,0.00150860028012589,0.98971451221521,0.0271962012423226,0.798939955986098,NA,TRUE,0.996524050858128,0.997967183614724,0.922460278128686
"19","negr1",-0.00931377973090634,0.928634522596854,-0.0668851741500714,0.523920654455394,-0.0575713944191651,0.549357871917963,NA,TRUE,0.996524050858128,0.997967183614724,0.910948429393994
"20","ttll7",0.45464368259036,0.00961141970548811,0.314010109451936,0.0734854027959297,-0.140633573138424,0.356459485437982,NA,TRUE,0.500203823242784,0.997967183614724,0.910948429393994
"21","adcyap1r1b",-0.21459720248899,0.0857657262067335,-0.037330646505798,0.758926323139009,0.177266555983192,0.126451954065947,NA,TRUE,0.833409699192684,0.997967183614724,0.856101148908364
"22","LOC111580207",0.255981764182482,0.0448237712644635,0.267849053124476,0.0340196841441379,0.0118672889419938,0.916722856803506,NA,TRUE,0.733574239983715,0.997967183614724,0.972113965975923
"23","lrrc7",0.0785956977296894,0.406579246562375,0.120251783534435,0.204349509655779,0.0416560858047454,0.629157964457851,NA,TRUE,0.933767623702512,0.997967183614724,0.910948429393994
"24","nlgn1",-0.125183510204674,0.145869690436805,0.0646951837484461,0.460674808278429,0.18987869395312,0.0163396463495298,NA,TRUE,0.833409699192684,0.997967183614724,0.571256797543892
"25","LOC111588740",0.0101822847547574,0.937505530643965,0.0460093422378887,0.72115425045946,0.0358270574831313,0.761956919741093,NA,TRUE,0.996524050858128,0.997967183614724,0.917996491902918
"26","LOC111569606",0.23468271715808,0.265810582650597,-0.227694928889148,0.304481358872092,-0.462377646047228,0.0228292957117085,NA,TRUE,0.880184099154334,0.997967183614724,0.581189992514174
"27","dab1a",-0.176855924395648,0.235965414408609,-0.0841308777131985,0.568553626224495,0.0927250466824494,0.502988624343821,NA,TRUE,0.858910049747502,0.997967183614724,0.910948429393994
"28","ncanb",-0.18669112327976,0.322507413299507,-0.0158137085996356,0.927509800191591,0.170877414680125,0.325801229584772,NA,FALSE,0.898413508477198,0.997967183614724,0.910948429393994
"29","LOC118470501",0.154439297141514,0.246787413619501,0.188717913534128,0.151244847581585,0.034278616392613,0.774150887758586,NA,TRUE,0.87578854519535,0.997967183614724,0.917996491902918
"30","celf5a",0.211072475294208,0.0484552018569575,0.103066443131729,0.340684632996014,-0.108006032162479,0.266607781311135,NA,TRUE,0.733574239983715,0.997967183614724,0.891231726097222
"31","unc13a",0.199247007701581,0.173972397463163,0.113911809374927,0.432041553419637,-0.0853351983266548,0.518535604938783,NA,TRUE,0.833409699192684,0.997967183614724,0.910948429393994
"32","lingo3a",0.196856464157994,0.17231544525107,0.0146306063624372,0.919464505450615,-0.182225857795557,0.164384833936966,NA,TRUE,0.833409699192684,0.997967183614724,0.87764307318588
"33","shank3a",0.0667852334655821,0.646529665510314,0.197787649451732,0.161320928444658,0.131002415986149,0.315262783144218,NA,TRUE,0.996524050858128,0.997967183614724,0.910948429393994
"34","lrrc4ca",0.00242427978209063,0.983966476477595,0.0172287923703071,0.88650896154346,0.0148045125882165,0.89396298903221,NA,TRUE,0.996524050858128,0.997967183614724,0.962141278462359
"35","LOC111584103",-0.011674664671168,0.924513571486426,-0.0239456673443354,0.845202165650121,-0.0122710026731673,0.914001380603257,NA,TRUE,0.996524050858128,0.997967183614724,0.972113965975923
"36","lingo1a",-0.168702207022102,0.207864820470319,-0.00593756897180585,0.963812702901198,0.162764638050297,0.188496381985317,NA,TRUE,0.858910049747502,0.997967183614724,0.87764307318588
"37","LOC111577803",0.0374221494472986,0.866603104999107,-0.200916563761378,0.345414896593657,-0.238338713208677,0.275637087770021,NA,FALSE,0.996524050858128,0.997967183614724,0.904192689787638
"38","gnao1a",-0.124849043161585,0.229414784729213,-0.0980289584354824,0.341138410979372,0.026820084726103,0.781167618784767,NA,TRUE,0.858910049747502,0.997967183614724,0.919166748058315
"39","phf21ab",-0.273598402813378,0.124575762783558,-0.0575276016172445,0.731041500293321,0.216070801196133,0.19685162868209,NA,TRUE,0.833409699192684,0.997967183614724,0.87764307318588
"40","kiaa1549la",-0.156510231277151,0.140073867359259,-0.0243242393933894,0.819374443182959,0.132185991883761,0.1752299439876,NA,TRUE,0.833409699192684,0.997967183614724,0.87764307318588
"41","ttbk1a",-0.125403806555223,0.331893245941609,-0.180689617106063,0.155833012537077,-0.05528581055084,0.649983122892324,NA,TRUE,0.910113510355506,0.997967183614724,0.910948429393994
"42","LOC111574999",-0.225443262144756,0.033329368106402,-0.0380380229822883,0.7237186220978,0.187405239162467,0.0552634685806029,NA,TRUE,0.71148324186035,0.997967183614724,0.625725079735213
"43","grin2bb",0.100918022285122,0.310665932549313,0.0444824103832413,0.657662780967819,-0.0564356119018807,0.536493373579636,NA,TRUE,0.896825403230756,0.997967183614724,0.910948429393994
"44","LOC111586508",-0.274542512345641,0.00530553418414069,-0.162176773658568,0.0993950049533585,0.112365738687073,0.22304450184095,NA,TRUE,0.464588004007714,0.997967183614724,0.891231726097222
"45","maml3",0.0838430989094263,0.498974168161261,0.133800859580201,0.278742740417245,0.0499577606707744,0.655257082141439,NA,TRUE,0.936226910872321,0.997967183614724,0.910948429393994
"46","LOC111577945",0.209098869109994,0.198458776039498,0.183650076086959,0.241731602052084,-0.0254487930230344,0.864227451217327,NA,FALSE,0.858910049747502,0.997967183614724,0.939550554058558
"47","LOC111569983",0.167663545989823,0.410759256325502,-0.0135436132197086,0.942551572713159,-0.181207159209532,0.340527298348258,NA,FALSE,0.933767623702512,0.997967183614724,0.910948429393994
"48","rims1b",-0.074600230576558,0.551480358015467,-0.224684662767076,0.0731991991609849,-0.150084432190518,0.202160409025104,NA,TRUE,0.967848028317145,0.997967183614724,0.87764307318588
"49","LOC111583465",-0.0359900466204217,0.851144828333496,-0.12124814503042,0.520409340175171,-0.085258098409998,0.63847264742666,NA,TRUE,0.996524050858128,0.997967183614724,0.910948429393994
"50","sh3pxd2aa",-0.0179318512205224,0.883199230457379,-0.0253320449975584,0.834422318377783,-0.00740019377703595,0.947588714550877,NA,TRUE,0.996524050858128,0.997967183614724,0.978245996492229
"51","sorcs3a",0.0129559555247195,0.941368212648483,-0.064136680065472,0.723623322028388,-0.0770926355901916,0.632589921966104,NA,TRUE,0.996524050858128,0.997967183614724,0.910948429393994
"52","ttyh3b",-0.307955872566922,0.0211003359910471,-0.100604850402867,0.428859631069092,0.207351022164055,0.0947082254731934,NA,TRUE,0.686556421993116,0.997967183614724,0.808947631924636
"53","LOC111577598",-0.131718070522766,0.287973625906525,-0.0669221398836508,0.582613587289507,0.0647959306391151,0.575010087397916,NA,TRUE,0.887803088433087,0.997967183614724,0.910948429393994
"54","LOC111587353",-0.200910191332616,0.122202705364525,-0.116540194167466,0.362484336550286,0.0843699971651503,0.488957558809448,NA,TRUE,0.833409699192684,0.997967183614724,0.910948429393994
"55","elfn2a",-0.108079062754769,0.366901622079095,0.0413607276449642,0.729301450187816,0.149439790399734,0.175499412567216,NA,TRUE,0.918778312358122,0.997967183614724,0.87764307318588
"56","cacna1ab",0.0467075728575536,0.660766510117581,0.0825816387188069,0.433472960137539,0.0358740658612533,0.712559287771914,NA,TRUE,0.996524050858128,0.997967183614724,0.917996491902918
"57","LOC111578637",-0.128717738843722,0.210047948894161,0.148094756706819,0.151680994641701,0.27681249555054,0.0031479533406175,NA,TRUE,0.858910049747502,0.997967183614724,0.276232905639186
"58","LOC111575996",-0.158829610030965,0.107253314094355,-0.0379496605919898,0.700373671258138,0.120879949438975,0.185314014808965,NA,TRUE,0.833409699192684,0.997967183614724,0.87764307318588
"59","chd6",0.133846394348661,0.317984607821222,-0.0739547485842934,0.584530704361561,-0.207801142932954,0.0946324823672712,NA,TRUE,0.896825403230756,0.997967183614724,0.808947631924636
"60","ywhaba",-0.0873373528826211,0.478131447025212,-0.0480124487419708,0.691026302556911,0.0393249041406503,0.731353082479832,NA,FALSE,0.936226910872321,0.997967183614724,0.917996491902918
"61","LOC111577384",0.0178761085538797,0.859105469243762,-0.124192854150786,0.222384280577486,-0.142068962704665,0.12773164917842,NA,TRUE,0.996524050858128,0.997967183614724,0.856101148908364
"62","LOC111588780",-0.564799652699347,0.00170878355182263,-0.367119402302468,0.0338409842685625,0.197680250396879,0.25959452018552,NA,TRUE,0.299891513344872,0.997967183614724,0.891231726097222
"63","celf4",0.00998508617263918,0.933257078363508,0.138596835672479,0.239408465116543,0.12861174949984,0.235243486408379,NA,TRUE,0.996524050858128,0.997967183614724,0.891231726097222
"64","cita",0.0236508495684269,0.894715917466822,0.0545350573054818,0.752133301040682,0.0308842077370549,0.849641889562724,NA,TRUE,0.996524050858128,0.997967183614724,0.937812274328667
"65","LOC111563210",-0.0840577749842976,0.477551200237034,-0.00592881003761964,0.959534164442784,0.078128964946678,0.474045437303505,NA,TRUE,0.936226910872321,0.997967183614724,0.910948429393994
"66","cacna2d2a",0.00651029606410282,0.951789285813517,0.0638424453247446,0.555270880454315,0.0573321492606418,0.56079186769702,NA,TRUE,0.996524050858128,0.997967183614724,0.910948429393994
"67","slc12a5a",-0.260383344315811,0.0100044058502993,-0.00956993559639943,0.923420059108961,0.250813408719412,0.00716161022971955,NA,TRUE,0.500203823242784,0.997967183614724,0.502745038126312
"68","ogdha",-0.0400769507505168,0.850054977553331,0.0335504245762824,0.86769306531573,0.0736273753267992,0.702720812335474,NA,TRUE,0.996524050858128,0.997967183614724,0.917996491902918
"69","LOC111586344",0.0318650424444359,0.786709171535441,-0.00399154233409718,0.972896638785448,-0.0358565847785331,0.740101778090265,NA,TRUE,0.996524050858128,0.997967183614724,0.917996491902918
"70","unc5db",-0.0573085849582624,0.641727358762374,-0.0565247089569096,0.649220625734339,0.000783876001352769,0.994485777802786,NA,TRUE,0.996524050858128,0.997967183614724,0.997226255358483
"71","npdc1b",0.0447416836718743,0.798741480811032,0.100307034684841,0.553758582260117,0.0555653510129672,0.726932740332763,NA,TRUE,0.996524050858128,0.997967183614724,0.917996491902918
"72","whrnb",-0.0148860314905225,0.927917816230437,-0.089561040150561,0.560121481659767,-0.0746750086600384,0.630475949844348,NA,FALSE,0.996524050858128,0.997967183614724,0.910948429393994
"73","arvcfb",-0.0561084279724672,0.701027778154564,0.085590309335947,0.545505562490054,0.141698737308414,0.287496221942756,NA,TRUE,0.996524050858128,0.997967183614724,0.910195476120723
"74","galnt9",0.0874535155104398,0.515272168125414,-0.0676951851283306,0.616174613155387,-0.15514870063877,0.207533832120877,NA,TRUE,0.936226910872321,0.997967183614724,0.87764307318588
"75","rimbp2b",0.0173890889596252,0.897476814630234,0.0764402297922728,0.562188989715804,0.0590511408326476,0.630007873300151,NA,TRUE,0.996524050858128,0.997967183614724,0.910948429393994
"76","ank1a",0.158681291013559,0.236177906974282,0.023369244448527,0.85732056731622,-0.135312046565033,0.284902575890631,NA,FALSE,0.858910049747502,0.997967183614724,0.910195476120723
"77","ntrk2a",-0.221808162142223,0.0381508244672325,-0.267458986049458,0.01244569786172,-0.0456508239072352,0.651478167704289,NA,TRUE,0.71148324186035,0.997967183614724,0.910948429393994
"78","grid2",-0.0634974776382665,0.567841561357614,-0.0768860187200347,0.496805879736793,-0.0133885410817682,0.896353840618779,NA,TRUE,0.969083879138209,0.997967183614724,0.962141278462359
"79","ksr2",0.0267413244695636,0.798027358162403,-0.0348239781461247,0.738879553314055,-0.0615653026156884,0.522541264818745,NA,TRUE,0.996524050858128,0.997967183614724,0.910948429393994
"80","ywhag2",-0.220212704893227,0.299930870951865,-0.23707873045402,0.213501863608236,-0.0168660255607929,0.931655640702026,NA,FALSE,0.887803088433087,0.997967183614724,0.9761526265266
"81","schip1",0.207271091498456,0.126583155406792,0.064918865271818,0.63535576592205,-0.142352226226638,0.250820959986303,NA,TRUE,0.833409699192684,0.997967183614724,0.891231726097222
"82","LOC111587747",0.0262834810659567,0.843682195949871,0.0753142336741666,0.567747543730156,0.0490307526082099,0.688284745863569,NA,TRUE,0.996524050858128,0.997967183614724,0.917996491902918
"83","zgc:172282",-0.0402521106095316,0.746703521733399,-0.0785087082011927,0.53303049039048,-0.0382565975916611,0.739765931648504,NA,TRUE,0.996524050858128,0.997967183614724,0.917996491902918
"84","LOC111579029",-0.00748175924231277,0.935486877998881,0.0877618765855177,0.349516326009677,0.0952436358278305,0.261195783259178,NA,TRUE,0.996524050858128,0.997967183614724,0.891231726097222
"85","dner",0.0041454203046925,0.970509401687008,-0.00484401915805804,0.965717117495132,-0.00898943946275054,0.930896549146254,NA,TRUE,0.996524050858128,0.997967183614724,0.9761526265266
"86","scn2b",-0.00439964535286185,0.976500091977547,0.0331775005009127,0.819105928673852,0.0375771458537745,0.783731852379165,NA,TRUE,0.996524050858128,0.997967183614724,0.919166748058315
"87","serpini1",0.294750140432842,0.0277324300848735,-0.125377334164326,0.365356224646939,-0.420127474597169,0.000740792370654172,NA,TRUE,0.71148324186035,0.997967183614724,0.130009061049807
"88","dscamb",0.043911941849876,0.697920771552573,0.181982737973032,0.101492738799839,0.138070796123156,0.174883742260615,NA,TRUE,0.996524050858128,0.997967183614724,0.87764307318588
"89","gap43",0.0713296558593053,0.607096717077961,0.0406717054778275,0.766921800488879,-0.0306579503814778,0.809299818549232,NA,TRUE,0.996524050858128,0.997967183614724,0.925697462821654
"90","LOC111569704",-0.274116721450281,0.118921366489726,-0.107393683890778,0.527586813925039,0.166723037559503,0.295511440937761,NA,FALSE,0.833409699192684,0.997967183614724,0.910948429393994
"91","sgsm2",0.0854064410451783,0.518292219658726,0.147297666112096,0.253160855908982,0.0618912250669177,0.610279322253936,NA,FALSE,0.936226910872321,0.997967183614724,0.910948429393994
"92","bcas3",0.00729314306730111,0.952753204183294,0.0883514427989332,0.463618161822296,0.081058299731632,0.470229294994753,NA,TRUE,0.996524050858128,0.997967183614724,0.910948429393994
"93","nf1a",-0.0396027800204414,0.770767576708201,-0.147313306113434,0.275527029054188,-0.107710526092992,0.398351601855058,NA,TRUE,0.996524050858128,0.997967183614724,0.910948429393994
"94","fat3a",0.134820590665063,0.177719614311848,0.0688480041341236,0.493173152031891,-0.0659725865309394,0.470174630573745,NA,TRUE,0.833409699192684,0.997967183614724,0.910948429393994
"95","nbeab",0.105348622131595,0.535757912074068,-0.0854836730158118,0.615799312981954,-0.190832295147406,0.226477217904195,NA,TRUE,0.949752662313121,0.997967183614724,0.891231726097222
"96","nova2",0.0359107580341967,0.654657292658593,0.0783558120484784,0.333350181325322,0.0424450540142818,0.563731388256377,NA,TRUE,0.996524050858128,0.997967183614724,0.910948429393994
"97","gdpd4a",0.237389524697849,0.261988026340489,0.138359279728941,0.514567959173144,-0.0990302449689084,0.626426745177561,NA,FALSE,0.87578854519535,0.997967183614724,0.910948429393994
"98","LOC111568791",-0.0370138634255598,0.768878100809405,-0.0333365832666414,0.788967146989451,0.0036772801589184,0.974847526842376,NA,TRUE,0.996524050858128,0.997967183614724,0.988545858687054
"99","LOC111579966",-0.026760842309575,0.820862669610247,0.0435439086722096,0.714779256409864,0.0703047509817847,0.515845810475995,NA,TRUE,0.996524050858128,0.997967183614724,0.910948429393994
"100","atp2b3b",-0.11418442652753,0.303624803138755,-0.012319709243457,0.910058982981305,0.101864717284073,0.319193176001412,NA,TRUE,0.888102549180857,0.997967183614724,0.910948429393994
"101","soga1",0.00885043428602889,0.940626156998145,-0.0107109356362023,0.927837157797743,-0.0195613699222312,0.857612602953507,NA,TRUE,0.996524050858128,0.997967183614724,0.939550554058558
"102","bsna",0.0185879969088778,0.866790184779214,0.0835066027855801,0.44923264964617,0.0649186058767023,0.521322336467955,NA,TRUE,0.996524050858128,0.997967183614724,0.910948429393994
"103","sema3h",-0.300183593939593,0.0227543702744808,-0.221110768967421,0.0863363175107279,0.0790728249721716,0.530191382343857,NA,TRUE,0.686556421993116,0.997967183614724,0.910948429393994
"104","vps13d",0.383374746787785,0.00533922172926168,0.325569405099685,0.0171441529076704,-0.0578053416881,0.631276980610014,NA,TRUE,0.464588004007714,0.997967183614724,0.910948429393994
"105","celsr3",-0.188160079361848,0.143564734697594,-0.0951381897196698,0.447985393874248,0.0930218896421781,0.438734420317588,NA,TRUE,0.833409699192684,0.997967183614724,0.910948429393994
"106","gabrd",0.107753039726607,0.319382266107819,0.0908381940549193,0.402859586663858,-0.0169148456716872,0.864018447896955,NA,TRUE,0.896825403230756,0.997967183614724,0.939550554058558
"107","tafa5l",0.255729272191694,0.0887418024023019,0.154248186010147,0.305316481287616,-0.101481086181547,0.449396947712652,NA,TRUE,0.833409699192684,0.997967183614724,0.910948429393994
"108","LOC111581132",0.0498342371171707,0.694223983779277,-0.0888531705610048,0.483817587847507,-0.138687407678175,0.243661695388052,NA,TRUE,0.996524050858128,0.997967183614724,0.891231726097222
"109","LOC111583762",0.102892994269364,0.290493612752058,0.129085791828322,0.19081695910318,0.0261927975589584,0.768406485052887,NA,TRUE,0.887803088433087,0.997967183614724,0.917996491902918
"110","plxna2",0.00948949714256273,0.937099433339362,0.156019114969842,0.181842350047127,0.14652961782728,0.184744398942839,NA,FALSE,0.996524050858128,0.997967183614724,0.87764307318588
"111","LOC111572069",-0.0294698217486994,0.795158902339713,-0.0221929782477737,0.845035430527026,0.00727684350092562,0.944702489984524,NA,TRUE,0.996524050858128,0.997967183614724,0.97814328609017
"112","LOC111572090",0.0975641560245816,0.701165835051986,-0.0973534915703505,0.684301262086635,-0.194917647594932,0.414502955415998,NA,FALSE,0.996524050858128,0.997967183614724,0.910948429393994
"113","LOC111588728",0.0892724787557018,0.573512089507157,-0.165757727229931,0.304558639833916,-0.255030205985633,0.0911049156888896,NA,TRUE,0.969083879138209,0.997967183614724,0.808947631924636
"114","si:ch73-181d5.4",0.0917090222340241,0.639855602755188,-0.347536210761205,0.0861368193167041,-0.439245232995229,0.0208795647299091,NA,TRUE,0.996524050858128,0.997967183614724,0.581189992514174
"115","scn8aa",-0.0277880693456222,0.749337850471748,0.0331029697951089,0.704511159637396,0.0608910391407312,0.446916159487671,NA,TRUE,0.996524050858128,0.997967183614724,0.910948429393994
"116","kif1b",-0.077526256026661,0.456910182773748,-0.172217675607603,0.0997851860645674,-0.0946914195809421,0.330964802216274,NA,TRUE,0.936226910872321,0.997967183614724,0.910948429393994
"117","leng8",0.0492594194179563,0.794586979399349,0.11964775500103,0.509439553679833,0.0703883355830732,0.679838882269882,NA,TRUE,0.996524050858128,0.997967183614724,0.917996491902918
"118","LOC111586249",-0.145506559606983,0.316295768044276,0.012327858720439,0.929952045197019,0.157834418327422,0.235028970228821,NA,TRUE,0.896825403230756,0.997967183614724,0.891231726097222
"119","clstn3",0.0273612576020961,0.795396991536024,-0.0500948484249411,0.635941579433809,-0.0774561060270371,0.430168603115217,NA,TRUE,0.996524050858128,0.997967183614724,0.910948429393994
"120","rusc1",-0.0379346077333648,0.804356410272917,-0.101016116777789,0.502342571255763,-0.0630815090444239,0.659251705434951,NA,TRUE,0.996524050858128,0.997967183614724,0.911013183494755
"121","efna3b",0.350569190440614,0.0356868242279521,0.00627860048945907,0.970810869792103,-0.344290589951155,0.0234674692445512,NA,TRUE,0.71148324186035,0.997967183614724,0.581189992514174
"122","aplp1",-0.141261419066051,0.157191374658908,-0.132685968236982,0.185776854449771,0.00857545082906851,0.926586127805115,NA,TRUE,0.833409699192684,0.997967183614724,0.9761526265266
"123","ptprub",0.00535463201310576,0.974464353894089,0.0856907173597027,0.604591153048786,0.0803360853465969,0.597768595254635,NA,TRUE,0.996524050858128,0.997967183614724,0.910948429393994
"124","scn1ba",0.343889352635615,0.00661806273515262,0.0625775148994769,0.62818131571153,-0.281311837736138,0.0144047826958559,NA,TRUE,0.464588004007714,0.997967183614724,0.561786525138379
"125","LOC111578021",0.245177608763358,0.140669841328606,0.0413033555477903,0.804873931101874,-0.203874253215568,0.179269150212624,NA,TRUE,0.833409699192684,0.997967183614724,0.87764307318588
"126","syngap1b",0.0273491378802898,0.759617748378567,-0.00675892182592452,0.940449852040814,-0.0341080597062143,0.678056347951886,NA,TRUE,0.996524050858128,0.997967183614724,0.917996491902918
"127","dgkb",0.120269555049721,0.389635818907328,0.202173414428728,0.143026994549157,0.0819038593790072,0.515556745389463,NA,TRUE,0.924068732678866,0.997967183614724,0.910948429393994
"128","LOC111564532",0.094544403149523,0.463264664795127,0.119970521563898,0.35261127838285,0.0254261184143755,0.82824888000655,NA,TRUE,0.936226910872321,0.997967183614724,0.928803057131946
"129","oxr1a",-0.147351859730453,0.385529486961408,0.0461648224881578,0.775409274272219,0.193516682218611,0.205387696209467,NA,FALSE,0.920549999479281,0.997967183614724,0.87764307318588
"130","ldlrad4b",0.138924902095533,0.224029289083309,0.063930187653214,0.578844243299068,-0.0749947144423189,0.472242417189297,NA,TRUE,0.858910049747502,0.997967183614724,0.910948429393994
"131","grik2",0.0429338194915439,0.838084968804302,-0.13526530575811,0.493887367343235,-0.178199125249654,0.365166021851215,NA,FALSE,0.996524050858128,0.997967183614724,0.910948429393994
"132","cdk14",0.145002143005728,0.2210156604231,0.0759542279381678,0.519399566104915,-0.0690479150675605,0.518509410742286,NA,TRUE,0.858910049747502,0.997967183614724,0.910948429393994
"133","LOC111578495",-0.0805757988547114,0.498119307167485,-0.027644778519132,0.808303993678643,0.0529310203355794,0.62698383759659,NA,FALSE,0.936226910872321,0.997967183614724,0.910948429393994
"134","map4l",0.0717771557108241,0.512333334048271,0.0391357393153067,0.719207163643064,-0.0326414163955174,0.744625459303106,NA,TRUE,0.936226910872321,0.997967183614724,0.917996491902918
"135","brinp2",0.0884120010606903,0.411542477637208,0.0414040187371738,0.706318939579202,-0.0470079823235165,0.634076579286257,NA,TRUE,0.933767623702512,0.997967183614724,0.910948429393994
"136","astn1",0.00168730337683512,0.985564960077079,0.0441538640172166,0.635805902727173,0.0424665606403815,0.620116983632467,NA,TRUE,0.996524050858128,0.997967183614724,0.910948429393994
"137","LOC111584813",0.176648543495388,0.300354441428121,0.0324254305902426,0.849477154794541,-0.144223112905145,0.359868907588645,NA,TRUE,0.887803088433087,0.997967183614724,0.910948429393994
"138","LOC111571008",0.0259300191733886,0.82992056367192,0.0555707955492006,0.642174876490078,0.029640776375812,0.788478257472661,NA,TRUE,0.996524050858128,0.997967183614724,0.919166748058315
"139","LOC111572309",0.223291838614031,0.155400370892108,-0.0927276622639478,0.563105350356852,-0.316019500877979,0.0298427110365048,NA,TRUE,0.833409699192684,0.997967183614724,0.581189992514174
"140","LOC111577296",-0.0359875277655548,0.783030392797921,-0.120743692991449,0.36503136671327,-0.084756165225894,0.487545166372345,NA,TRUE,0.996524050858128,0.997967183614724,0.910948429393994
"141","fgf12a",-0.127094166932925,0.36049954248602,-0.044006392288476,0.745201487275957,0.0830877746444493,0.519638393660769,NA,TRUE,0.918778312358122,0.997967183614724,0.910948429393994
"142","kmt2cb",-0.0199580668737242,0.896012162374503,-0.00508524043370828,0.97261214595226,0.0148728264400159,0.916233001006756,NA,FALSE,0.996524050858128,0.997967183614724,0.972113965975923
"143","LOC111577408",-0.0656816462616357,0.522366468773685,-0.0125140335263362,0.903184007882223,0.0531676127352995,0.575259989376709,NA,TRUE,0.936226910872321,0.997967183614724,0.910948429393994
"144","agap3",0.110333940797972,0.371200616390446,0.113199195701004,0.329883207998276,0.0028652549030323,0.980096748783746,NA,FALSE,0.918778312358122,0.997967183614724,0.988545858687054
"145","b4galt2",-0.253531256151677,0.0935805803162967,-0.0711688262934524,0.622162958562618,0.182362429858224,0.195785024463788,NA,TRUE,0.833409699192684,0.997967183614724,0.87764307318588
"146","adcyap1b",-0.24050632971432,0.159847068947171,-0.132971787857512,0.448679018016701,0.107534541856807,0.495997475261849,NA,TRUE,0.833409699192684,0.997967183614724,0.910948429393994
"147","cadm3",0.0510403757620935,0.672295448528859,0.125866804684171,0.291495711079708,0.0748264289220772,0.493918440412451,NA,TRUE,0.996524050858128,0.997967183614724,0.910948429393994
"148","LOC111563883",0.224856991562118,0.0369307201053263,0.0639988529239537,0.563382199506976,-0.160858138638164,0.103184971817298,NA,TRUE,0.71148324186035,0.997967183614724,0.808947631924636
"149","basp1",4.21025963595612e-05,0.999746408564534,0.139316392171141,0.278657036817816,0.139274289574782,0.247767503021472,NA,TRUE,0.999746408564534,0.997967183614724,0.891231726097222
"150","kcnq3",-0.0199111718996678,0.845293897446868,0.0282227732207507,0.783677015865916,0.0481339451204185,0.606721959539671,NA,TRUE,0.996524050858128,0.997967183614724,0.910948429393994
"151","il1rapl1a",-0.216007479438932,0.0798671865922586,0.063472401726785,0.595160637077007,0.279479881165717,0.0138618779020726,NA,TRUE,0.833409699192684,0.997967183614724,0.561786525138379
"152","nalcn",-0.0127443928592044,0.918252183981229,0.115586792398385,0.336373548282868,0.128331185257589,0.257100905970699,NA,TRUE,0.996524050858128,0.997967183614724,0.891231726097222
"153","LOC111572701",0.0214828339199777,0.851909146840552,0.128348936807742,0.259636363666228,0.106866102887765,0.30530004818714,NA,TRUE,0.996524050858128,0.997967183614724,0.910948429393994
"154","fign",0.0997228411993697,0.451814039290826,0.166872010808889,0.205841966094181,0.067149169609519,0.573365213681095,NA,TRUE,0.936226910872321,0.997967183614724,0.910948429393994
"155","map2",0.0232300451734959,0.816778344326248,0.0949929218199291,0.345957729206976,0.0717628766464332,0.432644519012908,NA,TRUE,0.996524050858128,0.997967183614724,0.910948429393994
"156","stxbp5l",-0.0333405624722358,0.740722907564098,-0.0126166752798167,0.901258972172641,0.0207238871924191,0.82288711070811,NA,TRUE,0.996524050858128,0.997967183614724,0.925747999546624
"157","lrp1bb",-0.21727247597754,0.154162733296434,-0.124939717736873,0.417563548567215,0.0923327582406672,0.509533218955218,NA,TRUE,0.833409699192684,0.997967183614724,0.910948429393994
"158","LOC111564115",0.0792279948863994,0.498447289360303,0.191503467945838,0.0951531535183587,0.112275473059439,0.284582896551622,NA,TRUE,0.936226910872321,0.997967183614724,0.910195476120723
"159","LOC129350064",0.111709148460948,0.410676839417468,0.0437085260043406,0.731495498247078,-0.0680006224566076,0.600723544188915,NA,FALSE,0.933767623702512,0.997967183614724,0.910948429393994
"160","lrch1",0.14214746610536,0.28103699695993,-0.0135805352157253,0.91890594796802,-0.155728001321086,0.198266501634247,NA,TRUE,0.887803088433087,0.997967183614724,0.87764307318588
"161","enox1",0.189588609216052,0.0894538203934907,0.150833812772706,0.176315021701239,-0.0387547964433465,0.702274571901882,NA,TRUE,0.833409699192684,0.997967183614724,0.917996491902918
"162","cntnap5a",-0.105977777220203,0.450092990382916,-0.173395849933474,0.222586548704219,-0.0674180727132701,0.606838221074887,NA,TRUE,0.936226910872321,0.997967183614724,0.910948429393994
"163","serinc1",0.233639218135418,0.0728931650657781,0.150360449523683,0.246624478724196,-0.0832787686117354,0.476496630087016,NA,TRUE,0.833409699192684,0.997967183614724,0.910948429393994
"164","myo6a",0.0878093795821233,0.597794979985532,0.000402252793277154,0.997967183614724,-0.0874071267888462,0.571524061662432,NA,FALSE,0.996524050858128,0.997967183614724,0.910948429393994
"165","LOC111574979",-0.00925902241678188,0.954788042623403,0.0761827224161345,0.626846673234604,0.0854417448329164,0.565551539820303,NA,FALSE,0.996524050858128,0.997967183614724,0.910948429393994
"166","myt1la",-0.137924863976974,0.331479240579447,-0.0463294572897871,0.741406176424752,0.0915954066871869,0.484139675701615,NA,TRUE,0.910113510355506,0.997967183614724,0.910948429393994
"167","afdna",0.0607686961406427,0.674047181177185,-0.0320500534237267,0.823104110790199,-0.0928187495643693,0.483603713864757,NA,TRUE,0.996524050858128,0.997967183614724,0.910948429393994
"168","fam184ab",0.00101871498049358,0.992874504465599,-0.17965071237516,0.118842274961844,-0.180669427355654,0.0908781222591655,NA,TRUE,0.998564329706089,0.997967183614724,0.808947631924636
"169","LOC111564587",-0.17786351741967,0.299690256555723,-0.202251026165748,0.252864916837026,-0.0243875087460776,0.877311571010259,NA,TRUE,0.887803088433087,0.997967183614724,0.950420868594447
"170","gphnb",0.153886669125817,0.116877013836761,0.202017370830175,0.0393072718890422,0.0481307017043577,0.585393506500484,NA,TRUE,0.833409699192684,0.997967183614724,0.910948429393994
"171","fut8b",-0.130558782973035,0.339660624251825,-0.0511489677009739,0.691570324280851,0.079409815272061,0.528352414837599,NA,FALSE,0.918778312358122,0.997967183614724,0.910948429393994
"172","LOC111578333",0.0908810016899902,0.370107290729086,0.0867914183647469,0.361863662609943,-0.00408958332524334,0.966128237100726,NA,FALSE,0.918778312358122,0.997967183614724,0.982930467311173
"173","sipa1l1",0.2762734392186,0.0114006569400065,0.241874338994826,0.0284005973334489,-0.034399100223774,0.726868282805228,NA,TRUE,0.500203823242784,0.997967183614724,0.917996491902918
"174","enah",-0.0365550318576964,0.797534413271203,-0.141563272534996,0.321428134733189,-0.1050082406773,0.430768364036171,NA,TRUE,0.996524050858128,0.997967183614724,0.910948429393994
"175","LOC111572587",0.0339605116719935,0.789747600144725,-0.0123324118859833,0.920443855091064,-0.0462929235579768,0.694485650527632,NA,FALSE,0.996524050858128,0.997967183614724,0.917996491902918
"176","laptm4a",0.0658328068855534,0.710858796154171,0.0252180337553447,0.885120613311826,-0.0406147731302087,0.801888036485847,NA,TRUE,0.996524050858128,0.997967183614724,0.922828527234532
"177","LOC111573798",-0.169759343616468,0.154584197121454,-0.00334742938430662,0.977601887931939,0.166411914232162,0.129268834450551,NA,TRUE,0.833409699192684,0.997967183614724,0.856101148908364
"178","LOC111569679",-0.00781457009139348,0.950143993037987,0.019795261515634,0.877183865623823,0.0276098316070275,0.809655615630335,NA,TRUE,0.996524050858128,0.997967183614724,0.925697462821654
"179","LOC111582007",0.040173029348012,0.727030054470408,-0.0287133567748493,0.806747701023158,-0.0688863861228612,0.515032079347746,NA,TRUE,0.996524050858128,0.997967183614724,0.910948429393994
"180","vsnl1a",0.154593962868172,0.213152139365978,0.0824274888259036,0.509710872408451,-0.0721664740422679,0.521708311487236,NA,TRUE,0.858910049747502,0.997967183614724,0.910948429393994
"181","snap25a",-0.0226710596483442,0.795724029874315,-0.0468711582440067,0.5986595804199,-0.0242000985956625,0.76445127444162,NA,TRUE,0.996524050858128,0.997967183614724,0.917996491902918
"182","LOC111582719",-0.0877923241164419,0.472481389043752,0.0314082283446459,0.801040009302205,0.119200552461088,0.287839595012536,NA,TRUE,0.936226910872321,0.997967183614724,0.910195476120723
"183","gria2b",0.079528649937712,0.372139735338765,-0.0878950366524762,0.314588474207378,-0.167423686590188,0.049550126535516,NA,FALSE,0.918778312358122,0.997967183614724,0.625725079735213
"184","lingo2",-0.131057270893928,0.275846349024435,-0.0321725959644272,0.784970948782695,0.0988846749295005,0.37329716336012,NA,FALSE,0.887803088433087,0.997967183614724,0.910948429393994
"185","diaph2",0.167855150998006,0.187626308320544,0.0624395346116164,0.6228539957648,-0.105415616386389,0.36144509058816,NA,TRUE,0.849746374183195,0.997967183614724,0.910948429393994
"186","fgf13a",0.152254529750574,0.290229842872919,0.0347854670434249,0.809682797803312,-0.117469062707149,0.374260370123624,NA,TRUE,0.887803088433087,0.997967183614724,0.910948429393994
"187","LOC111576782",-0.0782923823773538,0.448534389251614,-0.117521618622359,0.24815437210145,-0.0392292362450053,0.681687934215053,NA,FALSE,0.936226910872321,0.997967183614724,0.917996491902918
"188","LOC111572933",-0.120961588665887,0.13448867851608,-0.0502399411585479,0.537592753595398,0.070721647507339,0.342914989459649,NA,TRUE,0.833409699192684,0.997967183614724,0.910948429393994
"189","nexmifb",0.0834608593836974,0.575266936061264,0.166333940734377,0.252520789255192,0.0828730813506793,0.539533941083123,NA,TRUE,0.969083879138209,0.997967183614724,0.910948429393994
"190","il1rapl2",-0.243209774766558,0.101599932095685,0.00677154283580394,0.964353297600097,0.249981317602362,0.0672173589058565,NA,TRUE,0.833409699192684,0.997967183614724,0.735909323009267
"191","aff2",0.139472462359884,0.220985023535631,-0.0145544123249904,0.900519209997737,-0.154026874684875,0.153202071456064,NA,FALSE,0.858910049747502,0.997967183614724,0.86268804770404
"192","ctsf",-0.0146503663015123,0.916396068854245,-0.0544179361094758,0.693389851275932,-0.0397675698079635,0.758401077626868,NA,TRUE,0.996524050858128,0.997967183614724,0.917996491902918
"193","LOC111569859",-0.0524076981067555,0.643966353545317,-0.0832974669850514,0.461922891779986,-0.0308897688782959,0.769569418329892,NA,TRUE,0.996524050858128,0.997967183614724,0.917996491902918
"194","tenm1",0.00785101213113207,0.9398850628493,-0.0439798172986922,0.675122818103555,-0.0518308294298243,0.589233990677692,NA,TRUE,0.996524050858128,0.997967183614724,0.910948429393994
"195","tenm2a",-0.0546152869004919,0.79823582467402,-0.321253002101868,0.123951239744127,-0.266637715201376,0.190680660616148,NA,FALSE,0.996524050858128,0.997967183614724,0.87764307318588
"196","sncb",-0.243441364649912,0.250154434782887,-0.229215504085783,0.253548262040272,0.0142258605641292,0.942739382341433,NA,FALSE,0.87578854519535,0.997967183614724,0.97814328609017
"197","nlgn3a",0.209009739764084,0.11777091891,-0.0412575385492175,0.750369851222884,-0.250267278313301,0.0416715050400634,NA,FALSE,0.833409699192684,0.997967183614724,0.609445761210927
"198","ogt.1",0.0881323553076943,0.513880464918008,-0.0320373036284344,0.81147221384028,-0.120169658936129,0.334201301245824,NA,TRUE,0.936226910872321,0.997967183614724,0.910948429393994
"199","klf8",0.335874970625296,0.0234720144271151,0.0377449054550363,0.803194022331093,-0.298130065170259,0.0265950378662508,NA,TRUE,0.686556421993116,0.997967183614724,0.581189992514174
"200","cadm1a",-0.108649868344945,0.415803865916825,0.0685715452873029,0.610370088501694,0.177221413632248,0.15006469049609,NA,TRUE,0.933767623702512,0.997967183614724,0.86268804770404
"201","jade2",0.0194708780627499,0.863330448186297,0.0790679912041315,0.482886758320336,0.0595971131413816,0.56656514285609,NA,TRUE,0.996524050858128,0.997967183614724,0.910948429393994
"202","LOC111575939",-0.248994080945001,0.046088738946503,0.0341186768352612,0.776738577665496,0.283112757780262,0.0139002206872157,NA,TRUE,0.733574239983715,0.997967183614724,0.561786525138379
"203","gabra1",-0.0528859416924089,0.602515031259939,0.00927703252601408,0.926967091845686,0.062162974218423,0.506184824423503,NA,TRUE,0.996524050858128,0.997967183614724,0.910948429393994
"204","LOC111588258",-0.245936562442252,0.0748452740360298,0.0544230947840465,0.689588021954421,0.300359657226298,0.0179026346808627,NA,TRUE,0.833409699192684,0.997967183614724,0.571256797543892
"205","aldocb",-0.00778674222792054,0.971915744282083,0.122338432989448,0.529938486767645,0.130125175217369,0.493529555196786,NA,FALSE,0.996524050858128,0.997967183614724,0.910948429393994
"206","nrxn2a",0.079699378358276,0.44470496451231,0.11562254761246,0.265217520482428,0.0359231692541841,0.704901449108237,NA,TRUE,0.936226910872321,0.997967183614724,0.917996491902918
"207","gria3a",0.178017941440703,0.128007544251611,0.0870929214757784,0.465307766054298,-0.0909250199649241,0.395307344832199,NA,TRUE,0.833409699192684,0.997967183614724,0.910948429393994
"208","msi2b",0.0613146764787522,0.695035226030363,-0.00822444294880335,0.958014300346465,-0.0695391194275556,0.62786927111716,NA,TRUE,0.996524050858128,0.997967183614724,0.910948429393994
"209","pcdh1a",-0.0407854378951504,0.738237819009501,-0.00249128068065744,0.983449595063974,0.038294157214493,0.732950783479755,NA,TRUE,0.996524050858128,0.997967183614724,0.917996491902918
"210","LOC111571975",-0.248230469134963,0.0385133378784805,-0.135828884287136,0.240347401271943,0.112401584847827,0.314165344633573,NA,FALSE,0.71148324186035,0.997967183614724,0.910948429393994
"211","gabrb4",0.00296715947147702,0.978836761807238,0.0232908077977171,0.833684499801589,0.02032364832624,0.843563173405047,NA,TRUE,0.996524050858128,0.997967183614724,0.93630525548512
"212","map6a",0.145073032636848,0.420381136428742,-0.0413903608182611,0.817527945346946,-0.186463393455109,0.263259143646271,NA,TRUE,0.933767623702512,0.997967183614724,0.891231726097222
"213","nova1",-0.261291922501274,0.0773658594054357,-0.150020629897551,0.289074115928041,0.111271292603723,0.424088979027071,NA,TRUE,0.833409699192684,0.997967183614724,0.910948429393994
"214","opcml",-0.0469783481721617,0.701838845915665,0.0332454691002172,0.788340699114452,0.0802238172723789,0.478137579976967,NA,TRUE,0.996524050858128,0.997967183614724,0.910948429393994
"215","ntm",0.0558563043776625,0.845064185683944,-0.180216276808821,0.478856495184362,-0.236072581186484,0.392594651557701,NA,FALSE,0.996524050858128,0.997967183614724,0.910948429393994
"216","LOC111572708",-0.213271847062415,0.288336407401014,-0.0863826824252677,0.637468572690431,0.126889164637147,0.49247512779622,NA,FALSE,0.887803088433087,0.997967183614724,0.910948429393994
"217","auts2a",0.0628898201252002,0.606700087301847,-0.00885187675474049,0.942215308746689,-0.0717416968799407,0.523284400096805,NA,TRUE,0.996524050858128,0.997967183614724,0.910948429393994
"218","cblb",0.0415714316903745,0.73336412179361,-0.1463879220632,0.237665437382299,-0.187959353753574,0.100774720819346,NA,TRUE,0.996524050858128,0.997967183614724,0.808947631924636
"219","gria4b",-0.15431965679807,0.377784169686375,-0.225673585112929,0.201746109891589,-0.0713539283148593,0.662396059788661,NA,TRUE,0.918778312358122,0.997967183614724,0.911768694062039
"220","doc2b",0.129129718956209,0.366157308266295,-0.266987383724416,0.0715937595401897,-0.396117102680625,0.00307191263796687,NA,TRUE,0.918778312358122,0.997967183614724,0.276232905639186
"221","tmem132e",-0.0685446668231863,0.534076938291314,0.0272509632337603,0.80891814477817,0.0957956300569467,0.342850016120334,NA,TRUE,0.949752662313121,0.997967183614724,0.910948429393994
"222","camk2a",-0.123704196468597,0.494828186003535,-0.0724775392360295,0.665227248439372,0.0512266572325673,0.764001377797571,NA,FALSE,0.936226910872321,0.997967183614724,0.917996491902918
"223","LOC111568093",0.108153261200878,0.505727315903614,-0.0956014003432659,0.54444021469814,-0.203754661544144,0.192406976547875,NA,FALSE,0.936226910872321,0.997967183614724,0.87764307318588
"224","shisa7b",-0.272879289304685,0.0196695075761746,-0.124698886939848,0.278014479002329,0.148180402364838,0.174953408704545,NA,TRUE,0.686556421993116,0.997967183614724,0.87764307318588
"225","LOC111567355",0.104053725112795,0.415861838222656,-0.0954721746351096,0.465206630059507,-0.199525899747905,0.0913254521839092,NA,TRUE,0.933767623702512,0.997967183614724,0.808947631924636
"226","LOC111565078",0.224704194811377,0.148529016046418,0.127716941030386,0.408747768095895,-0.096987253780991,0.487594194125695,NA,TRUE,0.833409699192684,0.997967183614724,0.910948429393994
"227","jarid2b",-0.0672941261607006,0.817311768034553,-0.177386280745396,0.50681022816937,-0.110092154584696,0.696585450952745,NA,FALSE,0.996524050858128,0.997967183614724,0.917996491902918
"228","clasp2",0.21068780673509,0.118436047068826,0.0199115593680627,0.883240759449379,-0.190776247367028,0.121817568606546,NA,TRUE,0.833409699192684,0.997967183614724,0.856101148908364
"229","gabbr2",0.0208146849371537,0.851211380588782,0.0791248486807011,0.47511027564915,0.0583101637435474,0.566672425587593,NA,TRUE,0.996524050858128,0.997967183614724,0.910948429393994
"230","vps50",0.0802535882096645,0.647222867111947,-0.0304566619208647,0.860243317082012,-0.110710250130529,0.492792601501592,NA,TRUE,0.996524050858128,0.997967183614724,0.910948429393994
"231","adgrb2",0.130049277978514,0.229637498642307,0.258719663770479,0.0174169068557323,0.128670385791964,0.188901407968692,NA,TRUE,0.858910049747502,0.997967183614724,0.87764307318588
"232","csmd2",0.121661970120862,0.226686898412837,0.026787068137704,0.792006502853909,-0.0948749019831575,0.303876549208199,NA,TRUE,0.858910049747502,0.997967183614724,0.910948429393994
"233","hivep3a",-0.0109600664156157,0.945084600638798,-0.0361992413574689,0.816828081488174,-0.0252391749418533,0.864600652310297,NA,TRUE,0.996524050858128,0.997967183614724,0.939550554058558
"234","thrb",-0.00807860735960214,0.951085488390339,-0.247013765213308,0.064768996055885,-0.238935157853706,0.0551770127534586,NA,TRUE,0.996524050858128,0.997967183614724,0.625725079735213
"235","epb41a",0.0055332077874065,0.962541533343312,-0.0836513892930121,0.475792849433369,-0.0891845970804186,0.415509368434699,NA,TRUE,0.996524050858128,0.997967183614724,0.910948429393994
"236","LOC111587924",0.15254056634423,0.178078995553992,0.157060394896983,0.165079948445191,0.00451982855275251,0.964810552397452,NA,TRUE,0.833409699192684,0.997967183614724,0.982930467311173
"237","gabbr1b",0.0730776092302255,0.502700192632399,-0.0244209588930655,0.823123700106143,-0.097498568123291,0.328936210929536,NA,TRUE,0.936226910872321,0.997967183614724,0.910948429393994
"238","phf14",0.00555847172641214,0.968080807879596,0.0470476396032803,0.728541474680248,0.0414891678768682,0.744407121459717,NA,TRUE,0.996524050858128,0.997967183614724,0.917996491902918
"239","LOC111578860",0.224342494363252,0.171092134892449,0.0470902764469186,0.775479264763665,-0.177252217916333,0.233229469413971,NA,TRUE,0.833409699192684,0.997967183614724,0.891231726097222
"240","macf1a",-0.0548289387632051,0.576577889038599,-0.106829067921687,0.27751916020123,-0.0520001291584816,0.567387163430736,NA,TRUE,0.969083879138209,0.997967183614724,0.910948429393994
"241","pleca",-0.00222275133687225,0.988006751278144,-0.0131338194622579,0.9268401009012,-0.0109110681253857,0.934634800982036,NA,FALSE,0.996524050858128,0.997967183614724,0.97635956888302
"242","ext1b",0.0482323178075908,0.733764692652136,-0.233991216641022,0.105556714074866,-0.282223534448613,0.0336751535634747,NA,TRUE,0.996524050858128,0.997967183614724,0.589579449438791
"243","ehbp1",0.00738081144771966,0.959924936588751,-0.0332553830608561,0.817627985935676,-0.0406361945085758,0.765715415120986,NA,TRUE,0.996524050858128,0.997967183614724,0.917996491902918
"244","slc8a1b",-0.0399472772384417,0.7071864111035,-0.0383167116553638,0.723951837286222,0.00163056558307796,0.986715518210544,NA,TRUE,0.996524050858128,0.997967183614724,0.992370048400862
"245","grid1a",0.0563405858328663,0.624019630615024,0.0929291119435156,0.427322203225205,0.0365885261106494,0.72815055959649,NA,TRUE,0.996524050858128,0.997967183614724,0.917996491902918
"246","rgs7a",0.0803068556665127,0.567463828959487,-0.153479069269434,0.280057537306529,-0.233785924935946,0.076044066970691,NA,TRUE,0.969083879138209,0.997967183614724,0.785043161962133
"247","ank3a",0.0578243570047851,0.614470546867156,0.0634052233757864,0.558600491950809,0.00558086637100133,0.95804741395909,NA,FALSE,0.996524050858128,0.997967183614724,0.982930467311173
"248","kcnma1a",0.166306481569824,0.097398968612108,0.136784393504342,0.174161848646315,-0.0295220880654815,0.745915942180461,NA,TRUE,0.833409699192684,0.997967183614724,0.917996491902918
"249","dst",0.134752650081018,0.31366925658227,-0.0666329543869145,0.621929837547175,-0.201385604467933,0.104365388349528,NA,TRUE,0.896825403230756,0.997967183614724,0.808947631924636
"250","adgrb3",0.0721370643877895,0.361814227458638,0.0529338527888975,0.508747100997014,-0.0192032115988919,0.7908500225459,NA,TRUE,0.918778312358122,0.997967183614724,0.919166748058315
"251","LOC111562983",-0.0787477644741282,0.522793374732122,0.00230248146850667,0.98540212915612,0.0810502459426349,0.473921893514262,NA,TRUE,0.936226910872321,0.997967183614724,0.910948429393994
"252","LOC111572926",0.0109213712049271,0.900486411274291,0.0898218834009665,0.305566669778577,0.0789005121960394,0.324201163229481,NA,TRUE,0.996524050858128,0.997967183614724,0.910948429393994
"253","LOC111579075",0.0965842854470158,0.259000427610276,0.0404402318718658,0.645143248064979,-0.0561440535751501,0.47483772811555,NA,TRUE,0.87578854519535,0.997967183614724,0.910948429393994
"254","nckap1",0.231968168529812,0.109033681118621,0.149056676520035,0.299532840918859,-0.0829114920097766,0.523130398685322,NA,TRUE,0.833409699192684,0.997967183614724,0.910948429393994
"255","palm2akap2",0.100863150623586,0.514231078783589,0.0684158491654839,0.653357004147043,-0.032447301458102,0.817098996243967,NA,TRUE,0.936226910872321,0.997967183614724,0.925747999546624
"256","st8sia5",0.365839245657778,0.000397943680330942,-0.0541779378608685,0.612642813810988,-0.420017183518646,9.15623687978333e-06,NA,TRUE,0.13967823179616,0.997967183614724,0.00321383914480395
"257","LOC111566186",-0.202919146722604,0.175997390894805,-0.00610561487435715,0.967691469040077,0.196813531848247,0.1548414444597,NA,TRUE,0.833409699192684,0.997967183614724,0.86268804770404
"258","pde8b",-0.000390941150936061,0.998406021115223,0.116868962639288,0.530781458883772,0.117259903790225,0.510397566786247,NA,FALSE,0.999746408564534,0.997967183614724,0.910948429393994
"259","zmiz2",0.0353115724376651,0.787911434501952,0.0106872139597017,0.934240528930964,-0.0246243584779634,0.838275280986366,NA,TRUE,0.996524050858128,0.997967183614724,0.93630525548512
"260","grk3",0.00286462329353934,0.981294543244395,-0.103740209666511,0.395296348587438,-0.10660483296005,0.350288904790422,NA,TRUE,0.996524050858128,0.997967183614724,0.910948429393994
"261","pam",0.0513426815535273,0.724038939720444,-0.165438897690896,0.258338973699991,-0.216781579244424,0.113794861247441,NA,TRUE,0.996524050858128,0.997967183614724,0.832124922871916
"262","LOC111563720",0.0720908151910613,0.474826185643451,0.0766498330840133,0.453507166494409,0.00455901789295207,0.960600622944025,NA,TRUE,0.936226910872321,0.997967183614724,0.982930467311173
"263","lrrtm4l1",0.0303483182745533,0.809293156938633,0.154408893268254,0.212536738924852,0.124060574993701,0.275556551127404,NA,TRUE,0.996524050858128,0.997967183614724,0.904192689787638
"264","dcc",-0.0668648142695392,0.669536558584683,-0.0249148600943972,0.872880345879889,0.041949954175142,0.770434104101891,NA,TRUE,0.996524050858128,0.997967183614724,0.917996491902918
"265","tanc2b",0.086630964871684,0.394810492002526,0.00667763015615621,0.948276841625919,-0.0799533347155278,0.393412724335738,NA,TRUE,0.930056930824743,0.997967183614724,0.910948429393994
"266","LOC111586477",0.0720944500910779,0.453121089582503,0.0321474810064422,0.739765102352952,-0.0399469690846357,0.650859525443245,NA,TRUE,0.936226910872321,0.997967183614724,0.910948429393994
"267","grid1b",0.0697886183303962,0.501946819457779,-0.0111999313242378,0.916644377358399,-0.080988549654634,0.396235285115661,NA,TRUE,0.936226910872321,0.997967183614724,0.910948429393994
"268","aatkb",-0.0640621638799149,0.577032851110785,-0.0145945866804272,0.897877841136382,0.0494675771994877,0.640293844601295,NA,TRUE,0.969083879138209,0.997967183614724,0.910948429393994
"269","exoc7",0.235510441002441,0.211240174281917,0.0449729227052381,0.811554861367804,-0.190537518297203,0.231211065535707,NA,FALSE,0.858910049747502,0.997967183614724,0.891231726097222
"270","LOC111582683",0.14441589836157,0.298091759694207,-0.111018302554238,0.432786346983424,-0.255434200915807,0.0459565678968569,NA,TRUE,0.887803088433087,0.997967183614724,0.625725079735213
"271","ryr2a",0.153668102670868,0.168620154358952,0.107986320807859,0.328736110051267,-0.0456817818630087,0.655906580353818,NA,FALSE,0.833409699192684,0.997967183614724,0.910948429393994
"272","LOC111565179",0.0394756814185935,0.78029924867638,-0.156771671978969,0.271970419477093,-0.196247353397563,0.139995900849554,NA,TRUE,0.996524050858128,0.997967183614724,0.862080021020938
"273","LOC111572501",0.0346167054603102,0.818682753571774,0.0156033473369735,0.91734552807365,-0.0190133581233367,0.890364926538539,NA,TRUE,0.996524050858128,0.997967183614724,0.961594120661622
"274","pemt",-0.14003225838221,0.467988399369348,-0.0992153383437419,0.592162228969584,0.0408169200384677,0.822413909787961,NA,TRUE,0.936226910872321,0.997967183614724,0.925747999546624
"275","cacna1g",0.131706280883136,0.261458849085071,0.0820945669648551,0.492931602863893,-0.0496117139182813,0.643215558337365,NA,TRUE,0.87578854519535,0.997967183614724,0.910948429393994
"276","snx29",0.130480546437168,0.425649059237612,0.137182125633846,0.388855085373753,0.00670157919667736,0.963529076819365,NA,TRUE,0.933767623702512,0.997967183614724,0.982930467311173
"277","si:ch73-103b11.2",0.123550487725365,0.556768993391061,0.168275360079117,0.386903966816189,0.044724872353751,0.818508253307297,NA,FALSE,0.969083879138209,0.997967183614724,0.925747999546624
"278","tcf7l2",-0.117366072564648,0.439783461429096,-0.0693248830090467,0.654420976356463,0.0480411895556016,0.731386852288664,NA,TRUE,0.936226910872321,0.997967183614724,0.917996491902918
"279","LOC111583352",0.201001051841841,0.0910497158074426,0.033481714903009,0.7738305317403,-0.167519336938832,0.127221988219705,NA,FALSE,0.833409699192684,0.997967183614724,0.856101148908364
"280","LOC111580268",-0.0114670837791504,0.93164041498656,-0.257911084819799,0.0573300192998028,-0.246444001040648,0.0527567650588504,NA,TRUE,0.996524050858128,0.997967183614724,0.625725079735213
"281","caskin1",0.0690886435325603,0.468684425432861,0.0924968903971439,0.335950208521827,0.0234082468645835,0.788294621623798,NA,TRUE,0.936226910872321,0.997967183614724,0.919166748058315
"282","grin2ba",-0.0780530891149938,0.378342094599748,-0.00225885810052875,0.979812267647566,0.075794231014465,0.353040246171737,NA,TRUE,0.918778312358122,0.997967183614724,0.910948429393994
"283","LOC111580807",0.200828015656689,0.170694629489558,0.095253814606164,0.513558779228651,-0.105574201050525,0.427498892946195,NA,TRUE,0.833409699192684,0.997967183614724,0.910948429393994
"284","LOC111562951",0.0236809073482585,0.850595655314467,0.0683871878021227,0.57843603706972,0.0447062804538641,0.696897123699094,NA,TRUE,0.996524050858128,0.997967183614724,0.917996491902918
"285","cacnb1",-0.0579682833715575,0.619763867679771,0.102067998771941,0.37176697363051,0.160036282143499,0.134866675006415,NA,TRUE,0.996524050858128,0.997967183614724,0.860694598677301
"286","asic2",-0.263841502259194,0.0516384735627153,-0.140531631142331,0.312655844405537,0.123309871116863,0.323189811830508,NA,TRUE,0.733574239983715,0.997967183614724,0.910948429393994
"287","lrrc4ba",-0.0656076139905922,0.662711655757957,0.0486069408346479,0.735450574306651,0.11421455482524,0.407438327956292,NA,TRUE,0.996524050858128,0.997967183614724,0.910948429393994
"288","LOC111562889",-0.190738268343471,0.075605207766021,0.0275608092048753,0.799307456761331,0.218299077548346,0.027196278379184,NA,TRUE,0.833409699192684,0.997967183614724,0.581189992514174
"289","srcin1a",-0.161669507326235,0.162157628123232,-0.130605505496394,0.253587660027531,0.0310640018298413,0.773902766610713,NA,TRUE,0.833409699192684,0.997967183614724,0.917996491902918
"290","LOC111579455",-0.176286862377824,0.0946888188799599,-0.0345389769451973,0.7334047500058,0.141747885432626,0.145436066788403,NA,FALSE,0.833409699192684,0.997967183614724,0.86268804770404
"291","abat",0.159721270666527,0.252852431722603,0.224088032455465,0.102742308850024,0.0643667617889383,0.608451554419256,NA,FALSE,0.87578854519535,0.997967183614724,0.910948429393994
"292","smg1",0.00641634192890606,0.964168643950393,0.0183916433113237,0.895195821822062,0.0119753013824177,0.927427231771678,NA,TRUE,0.996524050858128,0.997967183614724,0.9761526265266
"293","cacna1aa",0.151788464565605,0.195449429418633,-0.0745347810152127,0.530770101762955,-0.226323245580818,0.0370759013370371,NA,TRUE,0.857534371574253,0.997967183614724,0.591529153150002
"294","LOC111574422",0.0453786720827495,0.712841949630048,-0.0166683033324369,0.892797218032038,-0.0620469754151863,0.581651387428806,NA,TRUE,0.996524050858128,0.997967183614724,0.910948429393994
"295","alk",-0.0589594057984039,0.632132636366582,0.0666531147860038,0.595767319195922,0.125612520584408,0.265884000345027,NA,TRUE,0.996524050858128,0.997967183614724,0.891231726097222
"296","efna2a",0.0528882966895558,0.743663138863937,-0.0794943566797704,0.625201476453881,-0.132382653369326,0.377528066051183,NA,TRUE,0.996524050858128,0.997967183614724,0.910948429393994
"297","LOC111564080",-0.101141547817042,0.418637880651948,-0.0596608653547141,0.627329526475709,0.0414806824623274,0.719738585698241,NA,TRUE,0.933767623702512,0.997967183614724,0.917996491902918
"298","slc4a11",0.305737499366238,0.0861060951476275,0.0976160965550058,0.559896130952033,-0.208121402811232,0.202063163023695,NA,FALSE,0.833409699192684,0.997967183614724,0.87764307318588
"299","mark3a",0.045388538119004,0.689894765553823,0.081865296010033,0.47027248325515,0.036476757891029,0.726778611468825,NA,TRUE,0.996524050858128,0.997967183614724,0.917996491902918
"300","klc1a",-0.0406678874086687,0.717491166388449,-0.157633167711285,0.165611578674859,-0.116965280302616,0.263046058447502,NA,TRUE,0.996524050858128,0.997967183614724,0.891231726097222
"301","ppp2r5eb",-0.00498769833705215,0.969969206989769,0.170000747320157,0.186348054224665,0.174988445657209,0.146151478131579,NA,TRUE,0.996524050858128,0.997967183614724,0.86268804770404
"302","LOC111587344",0.20409981459191,0.188832527596266,0.360656038260172,0.0178408837560615,0.156556223668262,0.250312302071655,NA,TRUE,0.849746374183195,0.997967183614724,0.891231726097222
"303","grip1",-0.117276792257081,0.494317255065192,-0.00119824238014352,0.994202679079397,0.116078549876938,0.462782737688058,NA,TRUE,0.936226910872321,0.997967183614724,0.910948429393994
"304","syt1a",-0.0384255602999869,0.705772428722075,-0.0570004800600209,0.582261861307047,-0.0185749197600339,0.843443119047001,NA,TRUE,0.996524050858128,0.997967183614724,0.93630525548512
"305","ppfia2",-0.114752229781305,0.356184329534588,-0.0330848079407434,0.786506404934587,0.0816674218405612,0.478273005309874,NA,TRUE,0.918778312358122,0.997967183614724,0.910948429393994
"306","LOC111565695",-0.212877314590855,0.0518443413775439,-0.000663309848642932,0.99522859235329,0.212214004742212,0.0352739841544576,NA,TRUE,0.733574239983715,0.997967183614724,0.589579449438791
"307","etnk1",0.192340359183063,0.215132086507007,0.157001337567051,0.304518261148219,-0.0353390216160126,0.798489799364078,NA,TRUE,0.858910049747502,0.997967183614724,0.922460278128686
"308","plxna4",0.0869399909084079,0.4939509966301,0.0204727734246925,0.870269260631036,-0.0664672174837153,0.566131542473413,NA,FALSE,0.936226910872321,0.997967183614724,0.910948429393994
"309","cacna1c",0.0273512291744663,0.76340725958832,0.08964321993468,0.324186511199352,0.0622919907602136,0.453179521242854,NA,TRUE,0.996524050858128,0.997967183614724,0.910948429393994
"310","nap1l1",-0.415902366531519,0.0378717928491717,-0.354156447904284,0.0623654731617231,0.0617459186272347,0.753589492870047,NA,TRUE,0.71148324186035,0.997967183614724,0.917996491902918
"311","kcnc2",-0.0748618652419132,0.572679429592389,-0.0257713515524595,0.845658736792254,0.0490905136894537,0.686330144615032,NA,TRUE,0.969083879138209,0.997967183614724,0.917996491902918
"312","celf2",-0.173637789126026,0.0584919483751613,-0.0358950291358716,0.704110205245746,0.137742759990154,0.102433397247949,NA,TRUE,0.789641303064678,0.997967183614724,0.808947631924636
"313","palmdb",0.1427680509702,0.220989103597196,0.108723628640738,0.35372199287425,-0.0340444223294618,0.748779195883607,NA,TRUE,0.858910049747502,0.997967183614724,0.917996491902918
"314","ctnnd2a",0.0840723314045105,0.492384096914036,0.00102748964513583,0.99331427076664,-0.0830448417593747,0.459047523093559,NA,TRUE,0.936226910872321,0.997967183614724,0.910948429393994
"315","cntnap2a",-0.0776446924243916,0.550802380950397,-0.10589193842056,0.420926355283881,-0.0282472459961688,0.815049253412257,NA,TRUE,0.967848028317145,0.997967183614724,0.925747999546624
"316","sema5a",-0.123586200996698,0.367483203702153,-0.405381005398052,0.00392534171104704,-0.281794804401354,0.0314604269452117,NA,TRUE,0.918778312358122,0.997967183614724,0.581189992514174
"317","ptprn2",0.0414150607947511,0.697693031058828,0.112599289379816,0.284843253939668,0.0711842285850651,0.4628930636717,NA,TRUE,0.996524050858128,0.997967183614724,0.910948429393994
"318","asap1b",0.182187680534343,0.118803205969505,0.111323997578193,0.343165185573246,-0.0708636829561497,0.503382744028436,NA,TRUE,0.833409699192684,0.997967183614724,0.910948429393994
"319","smarcd3b",0.202884009452171,0.12320185665483,0.148189369560414,0.258356169736564,-0.0546946398917571,0.64340848420585,NA,TRUE,0.833409699192684,0.997967183614724,0.910948429393994
"320","LOC111569235",-0.0875571657030592,0.483343944422901,-0.158898864802097,0.210177364255385,-0.0713416990990378,0.536974603000525,NA,TRUE,0.936226910872321,0.997967183614724,0.910948429393994
"321","sh3kbp1",0.177227031189896,0.255711206276185,0.0303325116917438,0.84558577497115,-0.146894519498153,0.301954293000065,NA,TRUE,0.87578854519535,0.997967183614724,0.910948429393994
"322","LOC111580141",-0.0947645401031611,0.403264357301042,-0.227393403609072,0.0460940207791362,-0.13262886350591,0.212171812660302,NA,TRUE,0.933767623702512,0.997967183614724,0.880930614312569
"323","sorcs2",-0.0241982500815606,0.880450249211277,-0.0651202365985101,0.689718238760592,-0.0409219865169495,0.781580643588638,NA,TRUE,0.996524050858128,0.997967183614724,0.919166748058315
"324","nrxn2b",-0.0856482465992666,0.35596643848412,0.0203242019669292,0.829904619295193,0.105972448566196,0.213330775545779,NA,TRUE,0.918778312358122,0.997967183614724,0.880930614312569
"325","kirrel1a",0.0229080088449115,0.894307172445462,-0.062792487413468,0.712353058265306,-0.0857004962583795,0.595255092701418,NA,TRUE,0.996524050858128,0.997967183614724,0.910948429393994
"326","nlgn2a",0.038813339058879,0.73960695858394,0.242704277629464,0.0350790728178363,0.203890938570585,0.0515632661628855,NA,TRUE,0.996524050858128,0.997967183614724,0.625725079735213
"327","ppp2r5b",-0.0381478125748104,0.753514541226676,-0.0352397016386612,0.769272034713707,0.00290811093614924,0.97930623181915,NA,TRUE,0.996524050858128,0.997967183614724,0.988545858687054
"328","nat8l",0.260222277050794,0.191690095381952,-0.094160006641865,0.600848725600159,-0.354382283692659,0.0530663746344698,NA,FALSE,0.851686373152724,0.997967183614724,0.625725079735213
"329","LOC129348102",-0.117149068369336,0.351309701902911,0.117589119173577,0.327626112569125,0.234738187542913,0.0397939372790492,NA,FALSE,0.918778312358122,0.997967183614724,0.607290086302011
"330","ache",0.150850574357901,0.28052877996014,-0.175406474187268,0.220469151059745,-0.326257048545169,0.0130674089304076,NA,TRUE,0.887803088433087,0.997967183614724,0.561786525138379
"331","nhsl2",0.135051248222602,0.237362606340478,0.127629114342094,0.267915942359248,-0.00742213388050872,0.943225267563246,NA,TRUE,0.858910049747502,0.997967183614724,0.97814328609017
"332","chrm4a",-0.0277100647461815,0.857116967807224,0.180298321453101,0.214577886846503,0.208008386199283,0.139585850960992,NA,FALSE,0.996524050858128,0.997967183614724,0.862080021020938
"333","LOC111579043",0.04327713730941,0.750549648795082,0.0652390321766305,0.625674424508805,0.0219618948672205,0.858719655519894,NA,FALSE,0.996524050858128,0.997967183614724,0.939550554058558
"334","LOC111565864",0.0992613610586446,0.442433927139395,-0.163406573132056,0.211057314729695,-0.2626679341907,0.0290935785751278,NA,TRUE,0.936226910872321,0.997967183614724,0.581189992514174
"335","LOC111575429",0.169928688851373,0.300993069867628,0.0319556926567925,0.844420313945407,-0.137972996194581,0.353816942292965,NA,TRUE,0.887803088433087,0.997967183614724,0.910948429393994
"336","il1rapl1b",0.104569687468148,0.382916479949164,0.195364242486583,0.0801830063019431,0.0907945550184345,0.423189150112443,NA,FALSE,0.920549999479281,0.997967183614724,0.910948429393994
"337","LOC111562844",-0.24807901497157,0.0522488774917176,-0.189923379852564,0.131663800608701,0.0581556351190061,0.628382949838427,NA,TRUE,0.733574239983715,0.997967183614724,0.910948429393994
"338","LOC111575476",-0.101127456456593,0.443263345059546,-0.0645398551486898,0.608282699763735,0.0365876013079035,0.763468638283797,NA,FALSE,0.936226910872321,0.997967183614724,0.917996491902918
"339","LOC111565647",-0.206576862630539,0.15407508982583,-0.00684396327974595,0.963000588158399,0.199732899350793,0.13304913983553,NA,TRUE,0.833409699192684,0.997967183614724,0.860694598677301
"340","LOC111571822",0.196332858592023,0.101449659383415,0.00913857488796034,0.939762977641149,-0.187194283704062,0.0894098391712429,NA,TRUE,0.833409699192684,0.997967183614724,0.808947631924636
"341","tns1a",-0.0119407046331395,0.920078093732336,0.00928356657112825,0.937471689159042,0.0212242712042677,0.845609019911062,NA,TRUE,0.996524050858128,0.997967183614724,0.93630525548512
"342","KEG47-r02",-0.0472138635414469,0.826821324288259,-0.139154167697387,0.484728569237824,-0.09194030415594,0.648572422495583,NA,FALSE,0.996524050858128,0.997967183614724,0.910948429393994
"343","KEG47-r01",-0.125239126130928,0.500558605206533,-0.124632737302304,0.474691403791416,0.000606388828623965,0.997226255358483,NA,FALSE,0.936226910872321,0.997967183614724,0.997226255358483
"344","KEG47-p13",-0.264008149520759,0.291144642117575,-0.370117119511287,0.107924388228062,-0.106108969990528,0.656609551671454,NA,FALSE,0.887803088433087,0.997967183614724,0.910948429393994
"345","KEG47-p12",-0.121333240233559,0.68126374492657,-0.286788010545217,0.290046686678001,-0.165454770311658,0.550415916045626,NA,FALSE,0.996524050858128,0.997967183614724,0.910948429393994
"346","KEG47-p11",-0.0108916537751153,0.965200143825951,-0.224077258947479,0.331919184820687,-0.213185605172364,0.368769872674555,NA,FALSE,0.996524050858128,0.997967183614724,0.910948429393994
"347","KEG47-p10",-0.00418593114619573,0.98599768614019,-0.182335443485782,0.407487503323922,-0.178149512339586,0.422070676386651,NA,FALSE,0.996524050858128,0.997967183614724,0.910948429393994
"348","KEG47-p08",-0.122824733851274,0.620638395664247,-0.230928786516953,0.313156572734738,-0.10810405266568,0.643890467725552,NA,FALSE,0.996524050858128,0.997967183614724,0.910948429393994
"349","KEG47-p07",-0.124782734131324,0.562534618172774,-0.205971610515671,0.301261922612026,-0.0811888763843466,0.688596654131228,NA,FALSE,0.969083879138209,0.997967183614724,0.917996491902918
"350","KEG47-p04",-0.11756654217518,0.694614085148754,-0.223636926366718,0.413317583494515,-0.106070384191538,0.704295114789961,NA,FALSE,0.996524050858128,0.997967183614724,0.917996491902918
"351","KEG47-p01",-0.101514315813952,0.703619701674202,-0.285480294860063,0.248376827195705,-0.183965979046111,0.469612681729896,NA,FALSE,0.996524050858128,0.997967183614724,0.910948429393994
