...1,individual,phase,prediction,multiome_cluster,mean_intermediate,n_features,neurotransmitter
0,A12D,LI,0.224571776,0,0.231802047,46,Mixed
1,A22D,I,0.13536103,0,0.231802047,46,Mixed
2,A25D,I,0.010023396,0,0.231802047,46,Mixed
3,C21D,I,0.061465507,0,0.231802047,46,Mixed
4,T11D,LI,0.470777037,0,0.231802047,46,Mixed
5,T13D,I,0.278105473,0,0.231802047,46,Mixed
6,T14D,I,0.620268336,0,0.231802047,46,Mixed
7,T17D,NF,0.016950914,0,0.231802047,46,Mixed
8,T19D,I,0.023949029,0,0.231802047,46,Mixed
9,T5D,I,0.493441555,0,0.231802047,46,Mixed
0,A12D,LI,0.071595178,1,0.033242422,61,Glial
1,A22D,I,0.052107542,1,0.033242422,61,Glial
2,A25D,I,0.00074885,1,0.033242422,61,Glial
3,C21D,I,0.008157786,1,0.033242422,61,Glial
4,T11D,LI,0.693402239,1,0.033242422,61,Glial
5,T13D,I,0.02158558,1,0.033242422,61,Glial
6,T14D,I,0.047457635,1,0.033242422,61,Glial
7,T17D,NF,0.016219983,1,0.033242422,61,Glial
8,T19D,I,0.01123258,1,0.033242422,61,Glial
9,T5D,I,0.091406977,1,0.033242422,61,Glial
0,A12D,LI,0.640989698,2,0.495272878,24,Glial
1,A22D,I,0.945929275,2,0.495272878,24,Glial
2,A25D,I,0.451605433,2,0.495272878,24,Glial
3,C21D,I,0.511821214,2,0.495272878,24,Glial
4,T11D,LI,0.893978477,2,0.495272878,24,Glial
5,T13D,I,0.674224602,2,0.495272878,24,Glial
6,T14D,I,0.450567307,2,0.495272878,24,Glial
7,T17D,NF,0.277066058,2,0.495272878,24,Glial
8,T19D,I,0.090959694,2,0.495272878,24,Glial
9,T5D,I,0.341802623,2,0.495272878,24,Glial
0,A12D,LI,0.034638711,3,0.057410681,12,GABAergic
1,A22D,I,0.008721336,3,0.057410681,12,GABAergic
2,A25D,I,0.062194874,3,0.057410681,12,GABAergic
3,C21D,I,0.003054992,3,0.057410681,12,GABAergic
4,T11D,LI,0.801365294,3,0.057410681,12,GABAergic
5,T13D,I,0.013834461,3,0.057410681,12,GABAergic
6,T14D,I,0.168020047,3,0.057410681,12,GABAergic
7,T17D,NF,0.521751321,3,0.057410681,12,GABAergic
8,T19D,I,0.008957953,3,0.057410681,12,GABAergic
9,T5D,I,0.137091104,3,0.057410681,12,GABAergic
0,A12D,LI,0.194703736,4,0.062998894,23,Glutamatergic
1,A22D,I,0.025898229,4,0.062998894,23,Glutamatergic
2,A25D,I,0.023499427,4,0.062998894,23,Glutamatergic
3,C21D,I,0.011169044,4,0.062998894,23,Glutamatergic
4,T11D,LI,0.289981023,4,0.062998894,23,Glutamatergic
5,T13D,I,0.02521529,4,0.062998894,23,Glutamatergic
6,T17D,NF,0.049129849,4,0.062998894,23,Glutamatergic
7,T19D,I,0.006565262,4,0.062998894,23,Glutamatergic
8,T5D,I,0.285646111,4,0.062998894,23,Glutamatergic
0,A12D,LI,0.788667573,5,0.8951381,9,Glutamatergic
1,A22D,I,0.998968317,5,0.8951381,9,Glutamatergic
2,A25D,I,0.999966457,5,0.8951381,9,Glutamatergic
3,C21D,I,0.999460032,5,0.8951381,9,Glutamatergic
4,T11D,LI,0.99890751,5,0.8951381,9,Glutamatergic
5,T13D,I,0.973074176,5,0.8951381,9,Glutamatergic
6,T14D,I,0.983254046,5,0.8951381,9,Glutamatergic
7,T17D,NF,0.715559524,5,0.8951381,9,Glutamatergic
8,T19D,I,0.311957172,5,0.8951381,9,Glutamatergic
9,T5D,I,0.999286498,5,0.8951381,9,Glutamatergic
0,A12D,LI,0.979991457,6,0.056388538,66,Mixed
1,A22D,I,0.1683673,6,0.056388538,66,Mixed
2,A25D,I,0.015546348,6,0.056388538,66,Mixed
3,C21D,I,0.039915849,6,0.056388538,66,Mixed
4,T11D,LI,0.981657596,6,0.056388538,66,Mixed
5,T13D,I,0.027047044,6,0.056388538,66,Mixed
6,T14D,I,0.041773896,6,0.056388538,66,Mixed
7,T17D,NF,0.839030867,6,0.056388538,66,Mixed
8,T19D,I,0.049059928,6,0.056388538,66,Mixed
9,T5D,I,0.053009399,6,0.056388538,66,Mixed
0,A12D,LI,0.970325452,7,0.582697074,7,Glutamatergic
1,A22D,I,0.619491542,7,0.582697074,7,Glutamatergic
2,A25D,I,0.96723868,7,0.582697074,7,Glutamatergic
3,C21D,I,0.466311007,7,0.582697074,7,Glutamatergic
4,T11D,LI,0.989766749,7,0.582697074,7,Glutamatergic
5,T13D,I,0.998861005,7,0.582697074,7,Glutamatergic
6,T14D,I,7.30E-09,7,0.582697074,7,Glutamatergic
7,T17D,NF,0.059883772,7,0.582697074,7,Glutamatergic
8,T19D,I,0.048219528,7,0.582697074,7,Glutamatergic
9,T5D,I,0.978757747,7,0.582697074,7,Glutamatergic
0,A12D,LI,0.139615026,8,0.366399313,12,Glutamatergic
1,A22D,I,0.206718118,8,0.366399313,12,Glutamatergic
2,A25D,I,0.893428487,8,0.366399313,12,Glutamatergic
3,C21D,I,0.045230354,8,0.366399313,12,Glutamatergic
4,T11D,LI,0.570870995,8,0.366399313,12,Glutamatergic
5,T13D,I,0.037906921,8,0.366399313,12,Glutamatergic
6,T14D,I,0.886986586,8,0.366399313,12,Glutamatergic
7,T17D,NF,0.795597617,8,0.366399313,12,Glutamatergic
8,T19D,I,0.292469406,8,0.366399313,12,Glutamatergic
9,T5D,I,0.202055322,8,0.366399313,12,Glutamatergic
0,A12D,LI,0.150179354,9,0.05951335,3,Mixed
1,A22D,I,0.062938267,9,0.05951335,3,Mixed
2,A25D,I,0.000208446,9,0.05951335,3,Mixed
3,C21D,I,0.006178063,9,0.05951335,3,Mixed
4,T11D,LI,0.984931874,9,0.05951335,3,Mixed
5,T13D,I,0.016100093,9,0.05951335,3,Mixed
6,T14D,I,0.299836594,9,0.05951335,3,Mixed
7,T17D,NF,0.000326753,9,0.05951335,3,Mixed
8,T19D,I,0.009517677,9,0.05951335,3,Mixed
9,T5D,I,0.021814309,9,0.05951335,3,Mixed
0,A12D,LI,0.077697152,10,0.695178815,9,Glutamatergic
1,A22D,I,0.630377473,10,0.695178815,9,Glutamatergic
2,A25D,I,0.833753873,10,0.695178815,9,Glutamatergic
3,C21D,I,0.989486371,10,0.695178815,9,Glutamatergic
4,T11D,LI,0.386953866,10,0.695178815,9,Glutamatergic
5,T13D,I,0.143472858,10,0.695178815,9,Glutamatergic
6,T14D,I,0.84296196,10,0.695178815,9,Glutamatergic
7,T17D,NF,0.211912164,10,0.695178815,9,Glutamatergic
8,T19D,I,0.902766997,10,0.695178815,9,Glutamatergic
9,T5D,I,0.523432177,10,0.695178815,9,Glutamatergic
0,A12D,LI,0.085045869,11,0.298284502,25,Glial
1,A22D,I,0.029920398,11,0.298284502,25,Glial
2,A25D,I,0.0232397,11,0.298284502,25,Glial
3,C21D,I,0.011783074,11,0.298284502,25,Glial
4,T11D,LI,0.959391036,11,0.298284502,25,Glial
5,T13D,I,0.235152945,11,0.298284502,25,Glial
6,T14D,I,0.683785386,11,0.298284502,25,Glial
7,T17D,NF,0.003516032,11,0.298284502,25,Glial
8,T19D,I,0.216989154,11,0.298284502,25,Glial
9,T5D,I,0.887120861,11,0.298284502,25,Glial
0,A12D,LI,0.907461938,12,0.210160562,7,Glutamatergic
1,A22D,I,0.499452726,12,0.210160562,7,Glutamatergic
2,A25D,I,0.025696582,12,0.210160562,7,Glutamatergic
3,C21D,I,0.015848078,12,0.210160562,7,Glutamatergic
4,T11D,LI,0.119022253,12,0.210160562,7,Glutamatergic
5,T13D,I,0.380448117,12,0.210160562,7,Glutamatergic
6,T14D,I,0.507656224,12,0.210160562,7,Glutamatergic
7,T17D,NF,0.054584175,12,0.210160562,7,Glutamatergic
8,T19D,I,0.009688717,12,0.210160562,7,Glutamatergic
9,T5D,I,0.03233349,12,0.210160562,7,Glutamatergic
0,A12D,LI,0.98159432,13,0.973945768,4,Glial
1,A22D,I,0.945477171,13,0.973945768,4,Glial
2,A25D,I,0.971732656,13,0.973945768,4,Glial
3,C21D,I,0.949660088,13,0.973945768,4,Glial
4,T11D,LI,0.978103273,13,0.973945768,4,Glial
5,T13D,I,0.999333616,13,0.973945768,4,Glial
6,T14D,I,0.988002955,13,0.973945768,4,Glial
7,T17D,NF,0.225700213,13,0.973945768,4,Glial
8,T19D,I,0.963473553,13,0.973945768,4,Glial
9,T5D,I,0.999940334,13,0.973945768,4,Glial
0,A12D,LI,0.600548655,14,0.454667848,2,GABAergic
1,A22D,I,0.691284898,14,0.454667848,2,GABAergic
2,A25D,I,0.526429686,14,0.454667848,2,GABAergic
3,C21D,I,0.017253978,14,0.454667848,2,GABAergic
4,T11D,LI,0.968070839,14,0.454667848,2,GABAergic
5,T13D,I,0.015033087,14,0.454667848,2,GABAergic
6,T14D,I,0.083522905,14,0.454667848,2,GABAergic
7,T17D,NF,0.058112049,14,0.454667848,2,GABAergic
8,T19D,I,0.999344841,14,0.454667848,2,GABAergic
9,T5D,I,0.849805539,14,0.454667848,2,GABAergic
0,A12D,LI,0.695050128,15,0.524189337,7,Glial
1,A22D,I,0.189881651,15,0.524189337,7,Glial
2,A25D,I,0.630732713,15,0.524189337,7,Glial
3,C21D,I,0.335225636,15,0.524189337,7,Glial
4,T11D,LI,0.507621936,15,0.524189337,7,Glial
5,T13D,I,0.006365573,15,0.524189337,7,Glial
6,T14D,I,0.913474155,15,0.524189337,7,Glial
7,T17D,NF,0.000544271,15,0.524189337,7,Glial
8,T19D,I,0.806506607,15,0.524189337,7,Glial
9,T5D,I,0.787139025,15,0.524189337,7,Glial
0,A12D,LI,0.041022568,16,0.601077224,5,Glutamatergic
1,A22D,I,0.399374586,16,0.601077224,5,Glutamatergic
2,A25D,I,0.922244081,16,0.601077224,5,Glutamatergic
3,C21D,I,0.878289701,16,0.601077224,5,Glutamatergic
4,T11D,LI,0.85313748,16,0.601077224,5,Glutamatergic
5,T13D,I,0.201026117,16,0.601077224,5,Glutamatergic
6,T14D,I,0.467196889,16,0.601077224,5,Glutamatergic
7,T17D,NF,0.894502843,16,0.601077224,5,Glutamatergic
8,T19D,I,0.912160231,16,0.601077224,5,Glutamatergic
9,T5D,I,0.427248962,16,0.601077224,5,Glutamatergic
0,A12D,LI,0.592168175,17,0.273509306,9,Glutamatergic
1,A22D,I,0.758118323,17,0.273509306,9,Glutamatergic
2,A25D,I,0.265221706,17,0.273509306,9,Glutamatergic
3,C21D,I,0.042113668,17,0.273509306,9,Glutamatergic
4,T11D,LI,0.096274071,17,0.273509306,9,Glutamatergic
5,T13D,I,0.258613985,17,0.273509306,9,Glutamatergic
6,T14D,I,0.137369744,17,0.273509306,9,Glutamatergic
7,T17D,NF,0.622278371,17,0.273509306,9,Glutamatergic
8,T19D,I,0.345822808,17,0.273509306,9,Glutamatergic
9,T5D,I,0.107304905,17,0.273509306,9,Glutamatergic
0,A12D,LI,0.35116946,18,0.219962958,9,Glutamatergic
1,A22D,I,0.07681262,18,0.219962958,9,Glutamatergic
2,A25D,I,0.076048831,18,0.219962958,9,Glutamatergic
3,C21D,I,0.157670204,18,0.219962958,9,Glutamatergic
4,T11D,LI,0.398964129,18,0.219962958,9,Glutamatergic
5,T13D,I,0.063237362,18,0.219962958,9,Glutamatergic
6,T14D,I,0.999997328,18,0.219962958,9,Glutamatergic
7,T17D,NF,0.230953704,18,0.219962958,9,Glutamatergic
8,T19D,I,0.005129563,18,0.219962958,9,Glutamatergic
9,T5D,I,0.1608448,18,0.219962958,9,Glutamatergic
0,A12D,LI,0.234887047,19,0.391562351,6,GABAergic
1,A22D,I,0.156359761,19,0.391562351,6,GABAergic
2,A25D,I,0.685120433,19,0.391562351,6,GABAergic
3,C21D,I,0.087634371,19,0.391562351,6,GABAergic
4,T11D,LI,0.070816234,19,0.391562351,6,GABAergic
5,T13D,I,0.145615529,19,0.391562351,6,GABAergic
6,T14D,I,0.013050374,19,0.391562351,6,GABAergic
7,T17D,NF,0.933158684,19,0.391562351,6,GABAergic
8,T19D,I,0.811323987,19,0.391562351,6,GABAergic
9,T5D,I,0.841832001,19,0.391562351,6,GABAergic
0,A12D,LI,0.519882968,20,0.104872821,8,Glial
1,A22D,I,0.090659871,20,0.104872821,8,Glial
2,A25D,I,0.001816751,20,0.104872821,8,Glial
3,C21D,I,0.104260001,20,0.104872821,8,Glial
4,T11D,LI,0.021473725,20,0.104872821,8,Glial
5,T13D,I,0.001899569,20,0.104872821,8,Glial
6,T14D,I,0.275485097,20,0.104872821,8,Glial
7,T17D,NF,0.016349179,20,0.104872821,8,Glial
8,T19D,I,0.168045979,20,0.104872821,8,Glial
9,T5D,I,0.091942475,20,0.104872821,8,Glial
0,A12D,LI,0.822870624,21,0.545783456,5,Glutamatergic
1,A22D,I,0.68491372,21,0.545783456,5,Glutamatergic
2,A25D,I,0.789255958,21,0.545783456,5,Glutamatergic
3,C21D,I,0.63610241,21,0.545783456,5,Glutamatergic
4,T11D,LI,0.410320732,21,0.545783456,5,Glutamatergic
5,T13D,I,0.594689579,21,0.545783456,5,Glutamatergic
6,T14D,I,0.962781587,21,0.545783456,5,Glutamatergic
7,T17D,NF,0.802983636,21,0.545783456,5,Glutamatergic
8,T19D,I,0.12908522,21,0.545783456,5,Glutamatergic
9,T5D,I,0.023655716,21,0.545783456,5,Glutamatergic
0,A12D,LI,0.349062377,22,0.477765975,1,Glutamatergic
1,A22D,I,0.586339532,22,0.477765975,1,Glutamatergic
2,A25D,I,0.359629671,22,0.477765975,1,Glutamatergic
3,C21D,I,0.498914391,22,0.477765975,1,Glutamatergic
4,T11D,LI,0.53149565,22,0.477765975,1,Glutamatergic
5,T13D,I,0.388595927,22,0.477765975,1,Glutamatergic
6,T14D,I,0.591802281,22,0.477765975,1,Glutamatergic
7,T17D,NF,0.524937736,22,0.477765975,1,Glutamatergic
8,T19D,I,0.409394212,22,0.477765975,1,Glutamatergic
9,T5D,I,0.509685809,22,0.477765975,1,Glutamatergic
0,A12D,LI,0.005840205,23,0.211099367,2,Glutamatergic
1,A22D,I,0.177220293,23,0.211099367,2,Glutamatergic
2,A25D,I,0.008530172,23,0.211099367,2,Glutamatergic
3,C21D,I,0.212355443,23,0.211099367,2,Glutamatergic
4,T11D,LI,0.261954086,23,0.211099367,2,Glutamatergic
5,T13D,I,0.033566795,23,0.211099367,2,Glutamatergic
6,T14D,I,0.999997442,23,0.211099367,2,Glutamatergic
7,T17D,NF,0.66705008,23,0.211099367,2,Glutamatergic
8,T19D,I,0.003803482,23,0.211099367,2,Glutamatergic
9,T5D,I,0.042221942,23,0.211099367,2,Glutamatergic
0,A12D,LI,0.973405375,24,0.210830721,5,Mixed
1,A22D,I,0.837713363,24,0.210830721,5,Mixed
2,A25D,I,0.098317844,24,0.210830721,5,Mixed
3,C21D,I,0.249305685,24,0.210830721,5,Mixed
4,T11D,LI,0.154059401,24,0.210830721,5,Mixed
5,T13D,I,0.016915891,24,0.210830721,5,Mixed
6,T14D,I,0.052136155,24,0.210830721,5,Mixed
7,T17D,NF,0.277592342,24,0.210830721,5,Mixed
8,T19D,I,0.200191361,24,0.210830721,5,Mixed
9,T5D,I,0.021234746,24,0.210830721,5,Mixed
0,A12D,LI,0.733475966,25,0.332394596,2,GABAergic
1,A22D,I,0.15544103,25,0.332394596,2,GABAergic
2,A25D,I,0.228646564,25,0.332394596,2,GABAergic
3,C21D,I,0.74510113,25,0.332394596,2,GABAergic
4,T11D,LI,0.182040651,25,0.332394596,2,GABAergic
5,T13D,I,0.198192436,25,0.332394596,2,GABAergic
6,T14D,I,0.080241222,25,0.332394596,2,GABAergic
7,T17D,NF,0.650372976,25,0.332394596,2,GABAergic
8,T19D,I,0.266829824,25,0.332394596,2,GABAergic
9,T5D,I,0.652309968,25,0.332394596,2,GABAergic
