"","gene","f_m_estimate","f_m_p.value","d_m_estimate","d_m_p.value","d_f_estimate","d_f_p.value","warning","singular","f_m_q.value","d_m_q.value","d_f_q.value","cluster","class","issignif"
"1","nptxrb",0.312310814611152,0.23140787904093,-0.731960039138598,0.00654021554244522,-1.04427085374975,3.29671207543254e-05,NA,TRUE,1,1,0.0188381605069149,"19_0","Late Upregulated","*"
"2","LOC111565100",2.64386407567703,2.59857658996256e-05,-0.789543890132511,0.399134453548219,-3.43340796580954,4.09635164097753e-06,NA,TRUE,0.014697337064127,1,0.00255115257029329,"19_0","Late Upregulated","*"
"3","ca16b",1.25084631673161,1.86202071954768e-06,0.797766618595134,0.00285483295263887,-0.453079698136475,0.0304897470213493,NA,TRUE,0.00117281914139873,1,1,"19_0","Terminally Upregulated","*"
"4","cbln4",1.33297533865621,9.63042242398232e-05,-0.0119203864246473,0.974101256678561,-1.34489572508086,1.82105161686843e-05,NA,FALSE,0.0518247625355817,1,0.010971440110846,"19_0","Late Upregulated","*"
"5","shc1",-1.27273241345865,6.27995886016188e-06,-0.525708770780911,0.038030603286666,0.747023642677738,0.00523336444519243,NA,TRUE,0.00378353869240275,1,1,"19_0","Terminally Downregulated","*"
"6","grm5a",1.19959970453592,0.000211083395978561,-0.381208407614813,0.283317898092152,-1.58080811215074,1.32087538540058e-06,NA,FALSE,0.106363004293633,1,0.00085131954490678,"19_0","Late Upregulated","*"
"7","gabra3",-0.901092291941489,5.51993059476144e-05,-0.187503673743937,0.359070061811059,0.713588618197551,0.000644368543256634,NA,TRUE,0.0305958713006437,1,0.283460790600228,"19_0","Terminally Downregulated","*"
"8","LOC111567620",-1.16366722687914,0.00146513754688593,0.228796992029291,0.414306641843244,1.39246421890843,4.37220183651528e-05,NA,TRUE,0.520574640697394,1,0.0242342403394369,"19_0","Late Downregulated","*"
"9","stac",0.939645988181661,0.0120726055476158,-0.988396041705397,0.0321729396844138,-1.92804202988706,3.59357860345235e-06,NA,FALSE,1,1,0.00228948131990985,"19_0","Late Upregulated","*"
"10","LOC111587080",1.17859718090637,0.00318083565868631,-0.359411624596449,0.428233914703991,-1.53800880550282,7.51499426438729e-05,NA,FALSE,0.885966627586255,1,0.0400520290467749,"19_0","Late Upregulated","*"
"11","LOC111571714",1.29151013865551,0.000888722308889709,-1.28985885508539,0.00854784045886452,-2.5813689937409,9.01929019776903e-09,NA,FALSE,0.354389209619704,1,6.09660020831636e-06,"19_0","Late Upregulated","*"
"12","LOC111587577",0.652791022217947,0.0185701633435898,-0.478981279044645,0.13463108138544,-1.13177230126259,3.38530908483507e-05,NA,TRUE,1,1,0.0191470318320651,"19_1","Late Upregulated","*"
"13","cyth3a",-0.688220336521493,1.34244669684365e-24,-0.650203387858452,2.17519504780071e-43,0.038016948663041,0.422176692733653,NA,FALSE,1.32873456272589e-21,2.11520545806136e-40,1,"19_1","Early Downregulated","*"
"14","hsd17b14",0.36926287246616,0.734868087322797,1.20366543554942,0.269232778518454,0.834402563083258,3.82421893325669e-64,NA,FALSE,1,1,4.15625111828533e-61,"19_1","Late Downregulated","*"
"15","ptprfa",1.12932215157373,9.24590202151825e-06,0.118265508254545,0.678113377109997,-1.01105664331918,3.15757402948116e-05,NA,TRUE,0.00539454586577593,1,0.0182822590725139,"19_2","Late Upregulated","*"
"16","adgrl3.1",0.13621486523446,0.0901402467134163,0.359845116264294,4.8499514158986e-10,0.223630251029834,6.67275612104247e-05,NA,FALSE,1,3.31880379111639e-07,0.0366195570571428,"19_2","Transiently Upregulated","*"
"17","npnta",-1.7867868723305,3.34573196034523e-05,-0.423190722518299,0.237754751309867,1.3635961498122,0.00167209504770628,NA,TRUE,0.0187320435452541,1,0.572104224100395,"19_2","Terminally Downregulated","*"
"18","LOC111562717",-2.25777411124139,1.81436360208739e-05,-0.747181271511064,0.0419224775370741,1.51059283973033,0.00516951461852044,NA,TRUE,0.0103676851274742,1,1,"19_2","Terminally Downregulated","*"
"19","pgr",0.526920104247317,0.0894620237605882,-1.00690312526631,0.0122834333163045,-1.53382322951363,2.04130576400141e-05,NA,FALSE,1,1,0.0121661823534484,"19_2","Late Upregulated","*"
"20","LOC111587111",0.814253086450791,0.00226357192448086,-0.56391259061752,0.0747634081143111,-1.37816567706831,3.76651181922774e-07,NA,FALSE,0.734496909681972,1,0.000248535972757328,"19_2","Late Upregulated","*"
"21","utrn",-0.89398422238139,0.00282455028713362,-1.4537874293543,3.23576227850926e-05,-0.559803206972906,0.0958257372837931,NA,TRUE,0.830093056190445,0.019494764301436,1,"19_2","Early Downregulated","*"
"22","chgb",0.434218286642872,0.209403847504765,-0.991758002020236,0.0183166273534803,-1.42597628866311,7.18506452079393e-05,NA,FALSE,1,1,0.038665413228987,"19_2","Late Upregulated","*"
"23","fstl4",0.858462734499027,0.00110367462355762,-0.325549308256034,0.278733202061667,-1.18401204275506,5.6524992184199e-06,NA,TRUE,0.419961385321471,1,0.0034811858519842,"19_2","Late Upregulated","*"
"24","grm5a",0.247086158867892,0.320568353443757,-1.78738626753685,2.21953224999455e-07,-2.03447242640474,1.74450614722024e-10,NA,TRUE,1,0.000141407165003101,1.20868108410154e-07,"19_2","Transiently Downregulated","*"
"25","mtnr1bb",-2.45537467356201,7.50350957831743e-05,-0.519765306174065,0.239097371784036,1.93560936738794,0.00198949068345624,NA,TRUE,0.0407749538144097,1,0.644874208202413,"19_2","Terminally Downregulated","*"
"26","LOC111570492",0.531193251794834,0.00609217281297872,-0.369582131171494,0.0976875150407031,-0.900775382966328,3.95138107664268e-06,NA,TRUE,1,1,0.00248883125359262,"19_2","Late Upregulated","*"
"27","LOC111572501",0.308293035322347,0.270459244034504,-0.920668434218142,0.00528336053374513,-1.22896146954049,3.74975834549681e-05,NA,FALSE,1,1,0.0209941015731512,"19_2","Late Upregulated","*"
"28","LOC111585095",0.646887089212092,0.042974803300708,-0.799221871371466,0.0550372626144004,-1.44610896058356,6.77186044077262e-05,NA,FALSE,1,1,0.036799086324622,"19_2","Late Upregulated","*"
