,0,10,12,14,16,17,18,19,21,22,23,24,3,4,5,6,7,8,9
0,51.10155766896744,0.28637562617381845,0.6742909225330375,0.2177041290757113,0.2581720081048215,0.3424294405983633,0.46597146395945976,1.2923082570664448,3.6611385134588543,0.31386297007698244,0.03980990176851676,0.6861791089150894,10.194395176740695,0.2645675189477482,11.073113294819334,7.889205264498049,0.08998187400587043,0.1630104313324138,13.692393596392668
10,0.27257062039248253,97.06531816365649,0.020000774231011178,0.0,0.3655704942907227,0.043156442457878384,0.01974802125490134,0.06042885364143758,0.003745318352059925,0.0,0.0,0.24317169151790527,0.033542661438430446,0.012000891491504715,0.0804851069151247,0.03618671927323734,0.0,0.008097298714922634,0.03455298315395941
12,1.11668888535399,0.11788987742712988,95.54652093797573,0.09458334369290812,0.0,0.22418642009800854,0.1579215180931884,0.0,0.011541570611658333,0.11929329534404215,0.0,0.41872295811250004,0.026963019670456022,0.12283993736530792,0.4195834823149877,0.34268896739746096,0.04681196408023483,0.08513450747665044,2.1303845481742134
14,0.7721155802661371,0.16468440490405897,0.0,95.28799167430797,0.0,0.007874137797411454,0.0,0.01616181324488236,1.914335473563799,0.0,0.0,0.14389318134785117,0.11413409740930111,0.0,0.003597122302158273,0.01602779852971856,0.0,0.008064647252979529,0.9231849618889509
16,0.16649972953828054,0.29866064937537373,0.0,0.08744995934398005,98.45887326593268,0.0,0.0,0.0,0.026318017617490808,0.00392156862745098,0.0,0.17365151652550667,0.03010992232303233,0.027733971961225415,0.03357911775483193,0.10916516349251165,0.0,0.0,0.004608294930875576
17,0.6112790764610586,0.23159490721631035,0.08871575051517136,0.0,0.0,96.18659433260984,0.0,0.0,0.023172546206579346,0.015874265799459487,0.0,0.6203816951486989,0.0,0.0,0.48806928857986176,0.0,0.0,0.003937007874015748,0.36969950011993674
18,0.34607929124544307,0.176765294246414,0.08032609779422731,0.007874137797411454,0.14686227628095705,0.0,96.10652159972688,0.012113761167117449,0.05376303283306322,0.003937007874015748,0.0,0.3035418709318134,0.0,0.3479957006259531,0.04785224269328496,0.0,0.34694881907598984,0.33972235952301905,0.9077443376038958
19,1.6947679659560024,0.3214115014505268,0.023943022068621055,0.0,0.0,0.0,0.0,96.46230079853645,0.2003537144559231,0.0,0.0,0.40667163109136156,0.04556028495686442,0.16614879957642245,0.0,0.004149377593360996,0.054623573238414165,0.29618318241287866,1.2326042599961164
21,3.2685785059235286,0.0,0.12028540400463768,0.7425530219695131,0.0,0.00398406374501992,0.0,0.1206577534919457,84.3266548949089,0.0,0.0,0.28395787694190455,3.196375660659909,0.0,0.15811485996873909,0.5775187030635022,0.0,0.0,3.429673393863095
22,0.2999031146992081,0.0,0.1119432192907478,0.0,0.0,0.0,0.003952569169960474,0.18844828339330877,0.0,98.0168843041606,0.0,0.32990073781481866,0.0,0.0,0.021779810906334972,0.0,0.01160336015741978,0.0,0.7946786953912229
23,0.1497579885647782,0.02748498730745923,0.08787934842692106,0.0,0.12289463691665661,0.0,0.004,0.0,0.23885441109809039,0.0,98.5672628909672,0.2789600832294326,0.003861003861003861,0.003937007874015748,0.014990528161491821,0.3976788686297495,0.0038759689922480624,0.0,0.1051137156084091
24,1.4338231537478918,0.25453183469747964,0.4741513899928677,0.3015743600725818,0.34988456450122774,1.1417537003703713,0.43946872835952344,0.4061680847969099,0.6381232072338907,0.3581012261453407,0.431309155090404,90.46377758972677,0.29137542967281027,0.2777696096558243,0.3424102446353905,0.07780217933046284,0.1596646112743778,1.3377136915265546,0.883024002733239
3,8.827770768444065,0.12961983384979311,0.007926044511410366,0.320222729027116,0.0,0.0,0.0,0.008113890717577354,3.610879073250131,0.0,0.11972116375314722,0.7563596561403361,67.88974806073338,0.07102041477394046,1.4195322766551293,7.8040409671289686,0.08566131080959462,0.09759634538999955,6.792267219408485
4,0.2849244181101792,0.09397162701842719,0.048146041867355494,0.07922468055811328,0.06743194477089054,0.046926480460099396,0.3040857008694754,0.004,0.0,0.027874280823814265,0.035921591175080606,0.9469228436232389,0.07263744617639441,94.31961515959445,0.2481811208224237,0.0,2.1705325134608224,0.02012317879865598,0.3967644396253179
5,6.2602376325075095,0.3060474426999398,0.10411389139093989,0.00398406374501992,0.06357463160375791,1.1296912926222051,0.06339286242427365,0.008130215649012642,0.03374055771337346,0.051510990654762695,0.05192274636456807,0.7747283413746536,0.5731799532915736,0.43206755364114946,77.00898456442819,2.4821269539321302,0.2747785304071261,0.15007135137189714,4.447030588015184
6,8.602137294239029,0.11788964913074139,0.7539127423184105,0.1309202174951767,0.0,0.0,0.07919059808933977,0.008264603930809557,0.8401447292988948,0.01582670399150657,0.550853152100549,0.510095809453476,8.750292336985423,0.06308009923163821,2.336104095653288,69.01161537469527,0.23548905145900617,0.10992361151054302,10.941681398989926
7,0.2360839783869398,0.0,0.06809363916627523,0.11091109340443774,0.0,0.007891050583657588,0.512383779913713,0.2129745414034255,0.0,0.015795575587289636,0.0,0.3661059974220548,0.01871001920109942,2.3139659848355554,0.3193333950981706,0.13453274204555837,90.0071308260806,2.378626784847097,1.9438005821339928
8,0.2915106937118114,0.13332690620290555,0.024213721866949266,0.05968424733757824,0.09127322647259897,0.0,0.7001317444188493,0.06412864553746048,0.0,0.0,0.0,0.723242878107122,0.07656904345199514,0.280614532057392,0.24447897718916475,0.028552196176763186,4.063298360976719,94.01595709386035,0.8241250526744759
9,14.263713633484224,0.27442729464313076,1.7655370520456637,2.555322342172434,0.07546295112572751,0.8655126386571099,1.143231413720375,1.135800497423177,4.417234939397259,1.0571178109147394,0.20319939878055857,1.5697345325754528,8.68254588342764,1.2966428183678322,5.739810471102079,11.088708724213284,2.4495992359815553,0.9858385081080062,50.146668429296035
